beta,seed,epoch,J,h,gradient_J,gradient_h,mass_J,mass_h,instances_J,instances_h,learning_rate,cumulative_measurements,error_relative,error_J,error_h
0.2,0,0,0.5,0.5,,,,,,,,0,0.6201736729460423,0.5,0.6666666666666666
0.2,0,1,0.5197547397364143,0.5879474289444924,-0.11685264014595309,-0.3468159845294904,7.084960076217787,5.4999490643968745,144,112,0.5,8192,0.5717652563971986,0.4802452602635857,0.6080350473703384
0.2,0,2,0.5417996731674475,0.6753489215520063,-0.37755496416881573,-0.9979274833668487,7.26953286941991,5.760189017914974,142,114,0.45454545454545453,16384,0.5233022191062319,0.4582003268325525,0.5497673856319958
0.2,0,3,0.6114590660760535,0.7325552933964473,-0.5327807021777221,-0.2916902726031437,7.465548224303982,6.030450579660498,141,115,0.4166666666666667,24576,0.4771503343257458,0.3885409339239465,0.5116298044023685
0.2,0,4,0.6035331447779231,0.8223449351797613,0.05225991008482336,-0.39468796367780545,7.804146572666956,6.369920526834843,140,116,0.3846153846153846,32768,0.43550231092426,0.3964668552220769,0.4517700432134925
0.2,0,5,0.6523758902395264,0.8981036720737527,-0.3053589343938653,-0.31575630390065407,7.896724070836702,6.567731121133605,139,117,0.35714285714285715,40960,0.3855552285123215,0.34762410976047364,0.40126421861749817
0.2,0,6,0.6342020626703255,0.9863913382082982,0.07788729173878971,-0.2522487235366153,8.189292388535604,6.902110000538112,138,118,0.3333333333333333,49152,0.34977002924871703,0.36579793732967447,0.34240577452780124
0.2,0,7,0.6710562715482187,1.0686517010082799,-0.2746259322412992,-0.40865217313082286,8.246301965382573,7.07339761491897,137,119,0.3125,57344,0.300903936385945,0.3289437284517813,0.28756553266114676
0.2,0,8,0.7547723208124293,1.0352357901933362,-0.5357162514272624,0.14255686643239887,8.508894621209658,7.397545501356914,136,120,0.29411764705882354,65536,0.2914908022599234,0.2452276791875707,0.30984280653777585
0.2,0,9,0.814536169616333,0.9677577761728856,-0.5491511076630656,0.4133560882691334,8.78641772260905,7.567596077542596,137,119,0.2777777777777778,73728,0.312645593015977,0.18546383038366698,0.35482814921807626
0.2,0,10,0.7649347833150546,1.0430219939459506,0.22233746250157,-0.2249138104754619,8.925838494608483,7.58280846745843,138,118,0.2631578947368421,81920,0.285055759248432,0.2350652166849454,0.30465200403603293
0.2,0,11,0.8363343961669304,1.0336423115945907,-0.2741745133512032,0.02401198681948105,8.838096077438784,7.619803817381987,137,119,0.25,90112,0.27415656583160375,0.1636656038330696,0.31090512560360617
0.2,0,12,0.7979966167674633,1.1152218106781093,0.28675537216564156,-0.4067938551688102,9.109677909957771,7.823590911529441,137,119,0.23809523809523808,98304,0.2410615126191295,0.20200338323253675,0.25651879288126045
0.2,0,13,0.7150394744949883,1.1210770688276253,0.35041096895893425,-0.016488406949037106,9.077312719698106,7.914435335537812,136,120,0.22727272727272727,106496,0.2629917160815039,0.2849605255050117,0.25261528744824985
0.2,0,14,0.7906900046937861,1.1265046771329925,-0.33407274135789156,-0.015978878851001535,8.75834078547918,7.669861848480737,136,120,0.2173913043478261,114688,0.2374929507220194,0.20930999530621386,0.2489968819113383
0.2,0,15,0.8177061514293503,1.040509748122251,-0.2332951246982646,0.4950668423924264,9.065181988275425,7.921069478278822,136,120,0.20833333333333334,122880,0.2742050545443213,0.18229384857064967,0.306326834585166
0.2,0,16,0.8512322495579441,0.97920783329679,-0.16092527101724993,0.19616612744147513,9.044825488969535,7.781256388511847,137,119,0.2,131072,0.30043881981631415,0.14876775044205592,0.34719477780214003
0.2,0,17,0.9040143254624529,0.9669034207109164,-0.2634881229153079,0.04094908508578707,9.090340240578122,7.731187264196599,138,118,0.1923076923076923,139264,0.30046385297308364,0.09598567453754714,0.35539771952605576
0.2,0,18,0.9121285440515238,1.0103462773514507,-0.04206410916574348,-0.15013851254968674,9.287755303796159,7.87393088038357,138,118,0.18518518518518517,147456,0.27594991790545426,0.08787145594847623,0.3264358150990329
0.2,0,19,0.9397986202931713,0.9783724137512837,-0.14875432987509699,0.11459432714299823,9.38427315326326,8.013114431332617,138,118,0.17857142857142858,155648,0.2912675454493383,0.060201379706828706,0.34775172416581085
0.2,0,20,1.011610635214531,1.0328520843902882,-0.6806413111377817,-0.3442424362617074,9.45192462259259,8.023823699532144,138,118,0.1724137931034483,163840,0.25920706418945827,0.011610635214531095,0.31143194373980787
0.2,0,21,0.9937007270425448,1.071969723628594,0.10316107107064154,-0.15021173467509488,9.8316985994281,8.411857141805314,137,119,0.16666666666666666,172032,0.237454188832207,0.006299272957455249,0.28535351758093724
0.2,0,22,1.0429577525317766,1.1474597589971987,-0.5865272855511542,-0.5992643024507948,9.814258091054427,8.451846161972691,137,119,0.16129032258064516,180224,0.1970005779209755,0.04295775253177658,0.2350268273352009
0.2,0,23,1.0730809688760088,1.2324161703919756,-0.24687672819760711,-0.46417710169404,10.13592001052817,8.82396074507482,136,120,0.15625,188416,0.15386500964712033,0.07308096887600879,0.17838921973868294
0.2,0,24,1.1103403231713218,1.1503385210744157,-0.3248464176890715,0.47706373978508326,10.395085366050289,9.159623803873599,136,120,0.15151515151515152,196608,0.20338530070323974,0.11034032317132181,0.2331076526170562
0.2,0,25,1.1435134704069716,1.0665259784421706,-0.34507845144251853,0.5812312032087229,10.429037643596116,9.072877318380066,136,120,0.14705882352941177,204800,0.2532835708199684,0.1435134704069716,0.28898268103855296
0.2,0,26,1.1594235200434646,1.1552495396903775,-0.1191476024869894,-0.4429569087194729,10.44686178605923,8.97223355533911,137,119,0.14285714285714285,212992,0.2106902492188989,0.1594235200434646,0.22983364020641503
0.2,0,27,1.1145100650698923,1.2334018369204454,0.4160085420772139,-0.4825877271416946,10.649818677176675,9.265684361120536,136,120,0.1388888888888889,221184,0.16094637000681433,0.11451006506989225,0.1777321087197031
0.2,0,28,1.0926191545366548,1.157623787328585,0.15551302842811845,0.3588848428670507,10.574885933112055,9.311606733847801,136,120,0.13513513513513511,229376,0.19674253287779767,0.09261915453665481,0.22825080844760995
0.2,0,29,1.1553850677183364,1.2223187650507361,-0.5953434505352674,-0.40909393137132044,10.363738786917935,9.028279864746382,136,120,0.13157894736842105,237568,0.17650573101419534,0.15538506771833638,0.18512082329950927
0.2,0,30,1.1764684080594454,1.228222710426656,-0.1578720524742241,-0.029472495316592656,10.735299568247239,9.43119850130965,136,120,0.12820512820512822,245760,0.17974682551673632,0.17646840805944541,0.1811848597155626
0.2,0,31,1.1868436879761541,1.1439229076175697,-0.07968214976032287,0.4316149903825228,10.83677236740391,9.525296339476366,136,120,0.125,253952,0.22305670852329929,0.18684368797615414,0.23738472825495358
0.2,0,32,1.2491594108611457,1.1252337076441146,-0.4905493705506534,0.09808092146069267,10.752842202470323,9.337303723057941,137,119,0.12195121951219513,262144,0.249633692195246,0.24915941086114568,0.24984419490392362
0.2,0,33,1.1987495350420547,1.1698902832859757,0.4065052386051496,-0.2400737506506447,11.000734358302319,9.522925442475573,137,119,0.11904761904761904,270336,0.2137387353745735,0.19874953504205473,0.22007314447601622
0.2,0,34,1.1329500042362135,1.1394822537118345,0.5432409263330257,0.16736579477607302,10.844883079822605,9.451244881472359,136,120,0.11627906976744186,278528,0.21314404592280004,0.1329500042362135,0.2403451641921103
0.2,0,35,1.0431112074093467,1.1468300822822992,0.7911635439149112,-0.04313900228124724,10.510487807645365,9.12629559372164,137,119,0.11363636363636363,286720,0.19735759577674017,0.04311120740934671,0.23544661181180052
0.2,0,36,1.0592845104514528,1.1651790535641129,-0.13973733828379645,-0.10569007458324618,10.135614936851368,8.822823617384028,136,120,0.1111111111111111,294912,0.1886141518074902,0.05928451045145278,0.2232139642905914
0.2,0,37,1.0482483569750516,1.254639677955212,0.13166758663340183,-0.7115440802498656,10.232452446938657,8.929180614900275,136,120,0.10869565217391305,303104,0.1387078740870834,0.04824835697505159,0.16357354802985866
0.2,0,38,1.0355368622825871,1.182507701663415,0.11470852810479851,0.43394596937145175,10.323767529431866,9.131732572860114,135,121,0.10638297872340426,311296,0.17721280391659386,0.03553686228258712,0.21166153222439008
0.2,0,39,1.0482001017764433,1.1862764525981249,-0.11670441517537919,-0.023155205742858627,10.157952296865004,8.891599005257714,136,120,0.10416666666666667,319488,0.17606442352876325,0.048200101776443294,0.2091490316012501
0.2,0,40,1.0616758872110903,1.1156988081744936,-0.12678018936915955,0.44266298582501473,10.217544150640416,8.946451924042403,136,120,0.1020408163265306,327680,0.21589977810355204,0.0616758872110903,0.25620079455033756
0.2,0,41,1.0215722541741452,1.1641162774705238,0.3849948771546724,-0.309871803494593,10.167575550880022,8.805909161995597,137,119,0.1,335872,0.1866986359889295,0.02157225417414521,0.22392248168631745
0.2,0,42,1.0778160064817641,1.1928803538806516,-0.5507388225962047,-0.18777189080531378,10.070652756044886,8.793220252346401,136,120,0.09803921568627452,344064,0.17574265092173294,0.07781600648176412,0.20474643074623225
0.2,0,43,1.0678074421669523,1.145330132117218,0.0999255061190809,0.3164942760574141,10.354185776910477,9.06968671686918,136,120,0.09615384615384615,352256,0.20029867267674553,0.06780744216695234,0.23644657858852133
0.2,0,44,1.0703461502527227,1.2354331562687704,-0.03293672138180355,-0.7793197962306804,10.238615103829218,8.906511956922062,136,120,0.09433962264150944,360448,0.15185437929125845,0.07034615025272273,0.17637789582081975
0.2,0,45,1.0492079936640597,1.3230583714527182,0.22437480831085385,-0.6200758575337089,10.388076231583362,9.158043434344009,136,120,0.09259259259259259,368640,0.10187438200421355,0.0492079936640597,0.11796108569818786
0.2,1,0,0.5,0.5,,,,,,,,0,0.6201736729460423,0.5,0.6666666666666666
0.2,1,1,0.5371591488204155,0.5821230641107735,-0.25830583611210683,-0.38057683258103375,7.084960076217787,5.4999490643968745,144,112,0.5,8192,0.5702144597788928,0.4628408511795845,0.6119179572594843
0.2,1,2,0.5997518030450665,0.646985685373819,-0.2805550795141631,-0.19381973908778571,7.326679777657224,5.795527936001986,142,114,0.45454545454545453,16384,0.5226653702595656,0.4002481969549335,0.5686762097507874
0.2,1,3,0.6883743371589544,0.6634491736807596,-0.8682464973768744,-0.10752995800320812,7.645953651318832,6.129207606182863,142,114,0.4166666666666667,24576,0.49518538525610634,0.31162566284104565,0.5577005508794936
0.2,1,4,0.672732020133924,0.6613482170355901,0.03904322329447596,0.003495991857562035,8.007410159303433,6.432625017914145,141,115,0.3846153846153846,32768,0.4993661039342412,0.32726797986607603,0.5591011886429399
0.2,1,5,0.6594250957601518,0.7504993570378958,0.09859659902509832,-0.44037219302970804,7.944068835736493,6.380195552556399,141,115,0.35714285714285715,40960,0.4566575822711365,0.34057490423984815,0.49966709530806946
0.2,1,6,0.6296190077249956,0.7504993570378958,0.08584153354125022,0.0,8.01187646385002,6.556050474702756,140,116,0.3333333333333333,49152,0.4637417362280016,0.37038099227500443,0.49966709530806946
0.2,1,7,0.6420385677726996,0.8397784392924837,-0.18686231891378102,-0.8955173010158556,7.897577252205085,6.467237784768201,140,116,0.3125,57344,0.41659014951435963,0.35796143222730037,0.44014770713834417
0.2,1,8,0.6725316529844099,0.9246027975527817,-0.3990327779129241,-0.7400081925959452,8.067717255257666,6.724734643396162,139,117,0.29411764705882354,65536,0.36724230478661785,0.32746834701559013,0.38359813496481215
0.2,1,9,0.5876443513580535,0.9149063176924335,0.2933705144206878,0.022340689598242397,8.30464225437024,7.029870326913607,138,118,0.2777777777777778,73728,0.39705523663131964,0.4123556486419465,0.39006245487171104
0.2,1,10,0.6235568184991173,0.8322304765788288,-0.26338765777397766,0.4042383769749702,7.966574635136201,6.754000493174724,138,118,0.2631578947368421,81920,0.42521509681160913,0.37644318150088274,0.4451796822807808
0.2,1,11,0.6781587125795705,0.9039496034755428,-0.312424437919026,-0.27357790770327295,7.986574137148436,6.6511408210458045,139,117,0.25,90112,0.37574864326912116,0.3218412874204295,0.3973669310163048
0.2,1,12,0.7641599042350132,0.9309458075391479,-0.7966330371919406,-0.1667113956746522,8.297008236414174,6.994469222972075,138,118,0.23809523809523808,98304,0.3416895688409001,0.23584009576498677,0.37936946164056806
0.2,1,13,0.7957740568754115,0.9130265511844813,-0.13353818075304216,0.050460625894741325,8.67212656184462,7.328435514559356,138,118,0.22727272727272727,106496,0.3447389493780931,0.20422594312458853,0.3913156325436791
0.2,1,14,0.7753122923392802,1.0008121775254029,0.1696075746195479,-0.4851033951267334,8.772261533811035,7.383037038026381,139,117,0.2173913043478261,114688,0.3036562064525548,0.22468770766071977,0.33279188164973145
0.2,1,15,0.8047676970906743,1.0860024300836126,-0.285596321959623,-0.550663463469231,8.817283630077373,7.542900967233207,137,119,0.20833333333333334,122880,0.25389861089446575,0.1952323029093257,0.27599837994425824
0.2,1,16,0.8927505120447242,1.0664058928190496,-1.1118991184342062,0.16510324597828588,9.060531106348625,7.858914508566407,137,119,0.2,131072,0.24776310177184255,0.10724948795527578,0.2890627381206336
0.2,1,17,0.8867452775006108,1.0970645952701925,0.029978130844214215,-0.10203216175740329,9.387437544359651,8.09455149942066,137,119,0.1923076923076923,139264,0.2321694159631562,0.11325472249938917,0.268623603153205
0.2,1,18,0.9605474214396249,1.0453128460243453,-0.47644153046004784,0.22272778990495617,9.4086471600759,8.15526369190455,137,119,0.18518518518518517,147456,0.25316271079503444,0.039452578560375096,0.30312476931710314
0.2,1,19,0.9507348617230552,0.9847322942588744,0.052752321036278894,0.21712069752744734,9.636090642626945,8.267956161845195,137,119,0.17857142857142858,155648,0.28712252138398753,0.04926513827694479,0.34351180382741703
0.2,1,20,0.958467420818545,1.0723259978712654,-0.04305488904368672,-0.3251478278091956,9.506519500846027,8.077356564523175,138,118,0.1724137931034483,163840,0.23834687536011476,0.04153257918145503,0.28511600141915644
0.2,1,21,1.044860372075515,1.0466110611007657,-0.5953982655588141,0.11814720629672343,9.667503689666079,8.331565955146718,137,119,0.16666666666666666,172032,0.2527230061056067,0.044860372075514965,0.3022592925994895
0.2,1,22,1.0264782795651397,1.090821987084397,0.10941021462175383,-0.17542895430304895,9.992799602120183,8.564531512641159,137,119,0.16129032258064516,180224,0.22744584852885896,0.026478279565139706,0.2727853419437354
0.2,1,23,0.9842368143924837,1.0532602907147566,0.25953156202079886,0.15385270833004708,9.980582174554229,8.615751666482637,137,119,0.15625,188416,0.2479608194067149,0.015763185607516328,0.29782647285682895
0.2,1,24,0.9784847162167416,1.1432153537550136,0.04891178882252516,-0.5099429706650026,9.746785554452286,8.370098415053146,137,119,0.15151515151515152,196608,0.198268032438169,0.0215152837832584,0.23785643082999094
0.2,1,25,0.9869824323402168,1.2329526861239046,-0.10419368415717165,-0.7335353899872469,9.857628553304586,8.587731394972646,136,120,0.14705882352941177,204800,0.14830708776694476,0.013017567659783236,0.1780315425840636
0.2,1,26,0.9572659924996644,1.256443633600901,0.19969447572851234,-0.10523944469694406,10.031164362176433,8.858415866664508,135,121,0.14285714285714285,212992,0.13716458279192684,0.042734007500335625,0.16237091093273262
0.2,1,27,0.9312909355342945,1.256443633600901,0.17953959374463627,0.0,9.94373134585678,8.820267712877294,135,121,0.1388888888888889,221184,0.1403738296377373,0.06870906446570546,0.16237091093273262
0.2,1,28,1.0160792611184384,1.225850499654912,-0.6375191275330225,0.1533521502115475,9.836009396223776,8.73205184733988,135,121,0.13513513513513511,229376,0.1523321181119892,0.01607926111843838,0.182766333563392
0.2,1,29,0.9632069424985781,1.2988540469917365,0.6525523583817809,-0.6006752144084009,10.142528084562539,8.940282260962245,136,120,0.13157894736842105,237568,0.1134269313996467,0.03679305750142192,0.13409730200550904
0.2,1,30,0.9643348187685378,1.388985772233849,-0.00929189753230557,-0.4950275591190132,10.035249334890015,8.956760322003827,135,121,0.12820512820512822,245760,0.06467947937278669,0.03566518123146223,0.074009485177434
0.2,1,31,0.9742310066332394,1.3401400837285993,-0.07600272280090786,0.250089925146879,10.184364855321654,9.210859129937884,134,122,0.125,253952,0.08981902119850253,0.02576899336676064,0.10657327751426715
0.2,1,32,0.9604031539200394,1.341918403396537,0.10885285655830979,-0.009332621617337774,10.146979324392008,9.108638698521666,134,122,0.12195121951219513,262144,0.09039690499157266,0.03959684607996061,0.10538773106897532
0.2,1,33,0.9376576050702556,1.4291401897089149,0.31067248602927067,-0.7942186657716961,10.092148637072066,9.066168629159947,134,122,0.11904761904761904,270336,0.052352905789796615,0.06234239492974436,0.047239873527390085
0.2,1,34,0.9896227585336081,1.5027922285505533,-0.4716909286572778,-0.4456960903388819,10.138972688714011,9.232946376704417,133,123,0.11627906976744186,278528,0.005960993224682957,0.010377241466391851,0.0018614857003688516
0.2,1,35,1.0187630047297873,1.4698096351231904,-0.24617679986532234,0.18575796618290746,10.477284602268119,9.620307301262155,133,123,0.11363636363636363,286720,0.019717297972825946,0.018763004729787314,0.020126909917873064
0.2,1,36,1.0961915465235328,1.4264947766867977,-0.6689826010979614,0.2494935845936219,10.54514796397379,9.627517146671527,133,123,0.1111111111111111,294912,0.0671527111014949,0.09619154652353279,0.04900348220880154
0.2,1,37,1.0722278283842437,1.3669307051389121,0.21164755860620188,0.3507132532739505,10.80410394408802,9.779889577010733,134,122,0.10869565217391305,303104,0.08398588970852537,0.07222782838424369,0.08871286324072525
0.2,1,38,1.0464667884652068,1.3409706242457002,0.2324676242293885,0.15617584665356263,10.604480560591679,9.52672664586732,134,122,0.10638297872340426,311296,0.09190212985407153,0.0464667884652068,0.10601958383619985
0.2,1,39,1.0984512853343715,1.317356324678324,-0.4790891231462219,0.14508625654195992,10.452853595917569,9.362899755507813,135,121,0.10416666666666667,319488,0.1150937647432263,0.09845128533437153,0.12176245021445069
0.2,1,40,1.0790826909463858,1.3704641804695523,0.1822197360021698,-0.3330924715225844,10.637692696342887,9.483338600995932,135,121,0.1020408163265306,327680,0.08418587593715794,0.07908269094638576,0.08635721302029846
0.2,1,41,1.0191194586759051,1.3865361146280162,0.5756470297966141,-0.10286037861416923,10.639545102447764,9.561117097850397,134,122,0.1,335872,0.06382574109067794,0.019119458675905143,0.07564259024798921
0.2,1,42,1.010193812059999,1.3754783707935185,0.08739993166295477,0.07218495175160071,10.410302971409724,9.39366838794164,134,122,0.09803921568627452,344064,0.06930323545461094,0.010193812059998919,0.08301441947098764
0.2,1,43,0.9864906602120157,1.389842882218851,0.23665226805026496,-0.09561018804701331,10.35474413672996,9.3315543533885,134,122,0.09615384615384615,352256,0.06156195843177862,0.013509339787984298,0.07343807852076593
0.2,1,44,0.982721784797692,1.4775298429752708,0.03835207621615815,-0.5948683417715506,10.278356425930385,9.289464025104534,134,122,0.09433962264150944,360448,0.01572303236845434,0.01727821520230799,0.014980104683152806
0.2,1,45,0.9600819668473002,1.5111379830728626,0.2347296325096621,-0.2322994643545541,10.406347041261688,9.524278038536718,133,123,0.09259259259259259,368640,0.022988318355945087,0.03991803315269982,0.007425322048575082
0.2,2,0,0.5,0.5,,,,,,,,0,0.6201736729460423,0.5,0.6666666666666666
0.2,2,1,0.5318372636940496,0.5843290498018064,-0.27983132245478237,-0.4941360487544067,7.084960076217787,5.4999490643968745,144,112,0.5,8192,0.5704599053401731,0.4681627363059504,0.610447300132129
0.2,2,2,0.5660032056879323,0.6677418090636282,-0.7464147537140414,-1.2148650679121493,7.309716898440957,5.785675937001986,142,114,0.45454545454545453,16384,0.5206525236821236,0.4339967943120677,0.5548387939575812
0.2,2,3,0.6477656233462208,0.7056879163563612,-0.3311418673770299,-0.10245575076738556,7.5460207353795905,6.081244561677078,141,115,0.4166666666666667,24576,0.4819833199536379,0.3522343766537792,0.5295413890957592
0.2,2,4,0.6746344330712737,0.7917289941271499,-0.1191621317707364,-0.2543925677377267,7.90675791984651,6.412086638868729,141,115,0.3846153846153846,32768,0.43234977645526784,0.3253655669287263,0.47218067058190005
0.2,2,5,0.7455402862579317,0.8473829246610494,-0.8489576566526033,-0.44423065540336754,8.126774149153125,6.703187775842684,140,116,0.35714285714285715,40960,0.3885510729489005,0.2544597137420683,0.4350780502259671
0.2,2,6,0.7627526007839109,0.7923898899446001,-0.04957146583482022,0.10558662665558259,8.48053384743386,7.059220182116093,139,117,0.3333333333333333,49152,0.41398565426182193,0.23724739921608906,0.4717400733702666
0.2,2,7,0.7711885565683838,0.8821330492939479,-0.08321111077089403,-0.5901428096856076,8.472404005763757,6.976465317047692,140,116,0.3125,57344,0.36547724139185667,0.2288114434316162,0.4119113004707014
0.2,2,8,0.7366782962835043,0.9654039441796753,0.18239275454326673,-0.2934008179232275,8.630669917111174,7.226925409898445,139,117,0.29411764705882354,65536,0.3305618818114234,0.26332170371649566,0.3563973705468831
0.2,2,9,0.7480098039566707,1.054827637538052,-0.05461290609748478,-0.287322035109598,8.613235475946171,7.330594625498932,138,118,0.2777777777777778,73728,0.2837536803973623,0.2519901960433293,0.2967815749746319
0.2,2,10,0.793184390251201,1.132829283374009,-0.33278314175078066,-0.3830713223548932,8.788682490574834,7.597581226705382,137,119,0.2631578947368421,81920,0.2337566331981331,0.20681560974879898,0.24478047775066067
0.2,2,11,0.8832028654110186,1.1281737350817755,-0.48011968450403575,0.016553789825122654,9.084699421572015,7.945819116058874,136,120,0.25,90112,0.2161881957435265,0.11679713458898144,0.24788417661214965
0.2,2,12,0.9190695862046933,1.0454780378568982,-0.45990268072917223,0.706912926465922,9.441021068553573,8.225895871603456,136,120,0.23809523809523808,98304,0.25608889439020666,0.08093041379530674,0.3030146414287345
0.2,2,13,0.9597494851671142,1.125915254494517,-0.272018421902073,-0.3585784837235834,9.464513981100698,8.127778964401223,137,119,0.22727272727272727,106496,0.20870258615051254,0.040250514832885775,0.24938983033698867
0.2,2,14,0.92625488958311,1.0884209229649826,0.147912134098963,0.11038331202294921,9.753236478767985,8.477438363362499,136,120,0.2173913043478261,114688,0.23193877041043934,0.07374511041689003,0.27438605135667826
0.2,2,15,0.8912429900382438,1.07994310885948,0.16133483310274319,0.026043844932104245,9.557998761113867,8.26458012512108,137,119,0.20833333333333334,122880,0.24068867795458562,0.10875700996175619,0.28003792742701333
0.2,2,16,0.8206453024840561,1.1359874351735797,0.6047452875394328,-0.32005337479606627,9.40143028571941,8.12508834148947,137,119,0.2,131072,0.2250970764069067,0.1793546975159439,0.24267504321761355
0.2,2,17,0.8897386707954054,1.0780986931299643,-0.629924680815914,0.3518480209787787,9.199436949365294,8.042240479514943,136,120,0.1923076923076923,139264,0.24188889595566107,0.11026132920459464,0.2812675379133571
0.2,2,18,0.9343731579713945,1.13112962835229,-0.2313851815203277,-0.18327491212835803,9.392524405417745,8.115242620753342,137,119,0.18518518518518517,147456,0.20782554331359251,0.06562684202860547,0.2459135810984733
0.2,2,19,0.8525586620140919,1.168963320364206,0.4969902516150699,-0.15321633729669046,9.655810602807072,8.405010503132733,136,120,0.17857142857142858,155648,0.20101605860946004,0.14744133798590808,0.220691119757196
0.2,2,20,0.8266013454937191,1.2552837566412614,0.24566606076690659,-0.5446377460274399,9.378409618048925,8.233893483249485,136,120,0.1724137931034483,163840,0.1663667248055442,0.1733986545062809,0.1631441622391591
0.2,2,21,0.7986254497895753,1.2090521659916111,0.1611411592558683,0.17752930809465695,9.40715956736961,8.382847328567216,135,121,0.16666666666666666,172032,0.19627480859293167,0.20137455021042472,0.19396522267225924
0.2,2,22,0.8287560293209612,1.1463240051587498,-0.1793372093708085,0.24890534218479418,9.223056481927294,8.16747021135189,135,121,0.16129032258064516,180224,0.21797050387671307,0.17124397067903885,0.2357839965608335
0.2,2,23,0.7914035200782804,1.088674468297177,0.22949381678703082,0.23613250298500274,9.247750839418131,8.09597153091438,136,120,0.15625,188416,0.2558251713521094,0.2085964799217196,0.27421702113521534
0.2,2,24,0.8757206952129,1.1205431673185975,-0.9783992838598141,-0.246531917530996,9.011139622776103,7.82327951631694,137,119,0.15151515151515152,196608,0.22148647013164127,0.12427930478710003,0.2529712217876017
0.2,2,25,0.9114508536858462,1.192014863471466,-0.2332464745113931,-0.31104482165728414,9.39896904697762,8.180904898383364,136,120,0.14705882352941177,204800,0.17776024963240206,0.08854914631415378,0.20532342435235598
0.2,2,26,0.846089251976851,1.2413702831905729,0.43922996348444765,-0.22111228034159852,9.654185864062203,8.490711565117383,136,120,0.14285714285714285,212992,0.16694342549219365,0.15391074802314897,0.17241981120628477
0.2,2,27,0.8784180548183858,1.2979209164223746,-0.223456685240688,-0.2605853179321423,9.464047845487963,8.40821959194379,135,121,0.1388888888888889,221184,0.13081769512595406,0.12158194518161425,0.13471938905175027
0.2,2,28,0.903662608533548,1.3045392702815464,-0.17933730959251276,-0.031344523877036984,9.68421471799569,8.66899974656337,135,121,0.13513513513513511,229376,0.12087602021732313,0.09633739146645204,0.13030715314563576
0.2,2,29,0.9359923255549635,1.27752753973715,-0.23587761538824797,0.13138505736794479,9.797993254588762,8.77108520911521,135,121,0.13157894736842105,237568,0.1284115714451205,0.06400767444503652,0.1483149735085667
0.2,2,30,0.8527353031132887,1.2429838251982288,0.8057345586802673,0.22286860433659317,9.88856049289419,8.805584040727437,135,121,0.12820512820512822,245760,0.16431134148679644,0.1472646968867113,0.17134411653451412
0.2,2,31,0.8590304038705421,1.2293695701967011,-0.04834637381570631,0.06970498560782146,9.493469767447785,8.434303258546397,135,121,0.125,253952,0.16926379645477443,0.14096959612945792,0.18042028653553258
0.2,2,32,0.9220410277587838,1.2938262322047087,-0.6375834097245574,-0.43481025692238034,9.497794241414095,8.417926574017283,135,121,0.12195121951219513,262144,0.1222673286504911,0.07795897224121617,0.1374491785301942
0.2,2,33,0.8784682233355607,1.3200465979428242,0.3513710948688708,-0.14096068620810911,9.856643700217674,8.803222209641913,135,121,0.11904761904761904,270336,0.12045196891601069,0.12153177666443926,0.11996893470478387
0.2,2,34,0.857342867797166,1.2324182957033285,0.29920251583910523,0.8273977824456827,9.719548393318814,8.730164709913366,134,122,0.11627906976744186,278528,0.16820411212630756,0.14265713220283405,0.17838780286444766
0.2,2,35,0.8693115582972732,1.181447361937752,-0.10111149734490688,0.28706829896772756,9.495688446304298,8.420670103053343,135,121,0.11363636363636363,286720,0.1909935576932895,0.13068844170272675,0.21236842537483205
0.2,2,36,0.897505871383667,1.239391886830351,-0.24359886506644246,-0.3337604633813717,9.465555899724622,8.322338827171865,136,120,0.1111111111111111,294912,0.15533748376275242,0.102494128616333,0.17373874211309928
0.2,2,37,0.8762158092425162,1.2356318393686452,0.1880338288306435,0.022139159454524316,9.670311197004523,8.572282540791814,135,121,0.10869565217391305,303104,0.16192405649856684,0.12378419075748381,0.1762454404209032
0.2,2,38,0.8627605026099995,1.324760705194622,0.12415192956359937,-0.5482605475210176,9.577434566334809,8.491459360005521,135,121,0.10638297872340426,311296,0.12346720534712684,0.13723949739000052,0.11682619653691868
0.2,2,39,0.8412424509547115,1.3957818529567787,0.19831036405513444,-0.43635393185069143,9.663123193959278,8.69145790788316,134,122,0.10416666666666667,319488,0.1053424913201472,0.1587575490452885,0.06947876469548087
0.2,2,40,0.893607152808045,1.34391807353669,-0.49264711503616165,0.3252896245227961,9.690233161812207,8.818963153729138,134,122,0.1020408163265306,327680,0.10477963058373628,0.10639284719195496,0.10405461764220665
0.2,2,41,0.9083967699053102,1.3956112420911306,-0.14198032413374462,-0.3308362787484196,9.819542417508014,8.84647145365637,134,122,0.1,335872,0.07703778202242412,0.09160323009468985,0.06959250527257958
0.2,2,42,0.8614122285374801,1.3785848297551515,0.4600726290737921,0.11114841972927136,9.963593098325356,9.040071471314072,134,122,0.09803921568627452,344064,0.10220373915263296,0.13858777146251988,0.080943446829899
0.2,2,43,0.8873591317827626,1.4030697940240235,-0.25905388200089996,-0.16297192217361225,9.744061807191747,8.836699780080309,134,122,0.09615384615384615,352256,0.08243119279510688,0.1126408682172374,0.06462013731731764
0.2,2,44,0.8606152826424844,1.3643695930656912,0.27214540885147076,0.2625421633013267,9.889487399619547,8.990917592354204,134,122,0.09433962264150944,360448,0.10787985727437112,0.13938471735751556,0.09042027128953922
0.2,2,45,0.8505603337560546,1.3989156590048661,0.10424971005450465,-0.23878240777157742,9.717886015515564,8.794401131511682,134,122,0.09259259259259259,368640,0.10007728988755459,0.14943966624394545,0.06738956066342257
0.2,3,0,0.5,0.5,,,,,,,,0,0.6201736729460423,0.5,0.6666666666666666
0.2,3,1,0.4742938052031423,0.5863955528315319,0.30135680879745796,-0.6752169610308663,7.084960076217787,5.4999490643968745,144,112,0.5,8192,0.5846866587876316,0.5257061947968578,0.6090696314456454
0.2,3,2,0.5525452164161058,0.6311361009191413,-0.7531453248035239,-0.2870758418198595,7.100191609766002,5.630390704079826,142,114,0.45454545454545453,16384,0.5421155875834549,0.44745478358389423,0.5792425993872391
0.2,3,3,0.57874763685514,0.7173824525123309,-0.20979021523649963,-0.46035545217910906,7.447552640895736,5.955236487763793,142,114,0.4166666666666667,24576,0.49301077507049806,0.42125236314486003,0.5217450316584461
0.2,3,4,0.6151063434364739,0.7998630226833261,-0.23088635199564655,-0.34918070063359136,7.65999426620851,6.2377911569495925,141,115,0.3846153846153846,32768,0.44318251627169813,0.38489365656352614,0.4667579848777826
0.2,3,5,0.6664556574578102,0.8739457328763137,-0.38135817493591767,-0.36679551540864047,7.909651035707922,6.545889198061891,140,116,0.35714285714285715,40960,0.3934837593464809,0.3335443425421898,0.4173695114157909
0.2,3,6,0.646444794234245,0.9618352393776461,0.12181224223859113,-0.3566735306571844,8.209406870867475,6.883431437012877,139,117,0.3333333333333333,49152,0.35717808232342624,0.35355520576575505,0.3587765070815692
0.2,3,7,0.7103580800067473,1.0253969566433279,-0.5348016165406351,-0.3545732183110539,8.257636149102954,7.046676170223892,138,118,0.3125,57344,0.3084155491345019,0.2896419199932527,0.3164020289044481
0.2,3,8,0.6270482786588324,1.0598131882698578,0.35300145355786827,-0.09721929147658802,8.597546513320525,7.404221238856944,137,119,0.29411764705882354,65536,0.3200276024982305,0.3729517213411676,0.29345787448676147
0.2,3,9,0.7056629535608694,1.0991088352914395,-0.2716923164614401,-0.09053717073772409,8.326795501691459,7.242973659017927,136,120,0.2777777777777778,73728,0.2758751238390281,0.2943370464391306,0.2672607764723736
0.2,3,10,0.7686270748463725,1.0346067467148325,-0.6708174393440948,0.4581352576451912,8.688683023885417,7.582928402403165,136,120,0.2631578947368421,81920,0.28829702135524593,0.2313729251536275,0.3102621688567783
0.2,3,11,0.8326927884629165,1.022117421382593,-0.24601234028752897,0.03197267285053338,8.840312293610877,7.609496138426945,137,119,0.25,90112,0.2808577312877528,0.1673072115370835,0.31858838574493803
0.2,3,12,0.8466577083705127,1.111167862212352,-0.10767753518393536,-0.4577532865226378,9.078044504737935,7.781805870884843,137,119,0.23809523809523808,98304,0.23185160358676063,0.15334229162948732,0.25922142519176533
0.2,3,13,0.7972557307570565,1.0783687236937016,0.2086739534392391,0.09236237406851958,9.26682699354662,8.060716282343527,136,120,0.22727272727272727,106496,0.2595132555503051,0.20274426924294353,0.28108751753753225
0.2,3,14,0.8213000166526725,1.1652414600139642,-0.16869669013367747,-0.4063375152473974,9.019101092024902,7.814814434657016,137,119,0.2173913043478261,114688,0.21049170576892823,0.1786999833473275,0.22317235999069052
0.2,3,15,0.8118221267703987,1.0756023524582803,0.06374023636420507,0.40189099571355835,9.246583621900683,8.122428544947706,136,120,0.20833333333333334,122880,0.257517303503555,0.18817787322960133,0.28293176502781314
0.2,3,16,0.857032482992191,1.1535832712160037,-0.3766729132640973,-0.43313527109265826,9.073264020603311,7.85418624914687,137,119,0.2,131072,0.20787885592022695,0.14296751700780896,0.23094448585599756
0.2,3,17,0.7997696059120951,1.2231962219400596,0.516897459450802,-0.4189189600539727,9.373073931374543,8.20739187044518,136,120,0.1923076923076923,139264,0.1895034339164044,0.20023039408790488,0.18453585203996026
0.2,3,18,0.8174490081228283,1.1348082208456174,-0.17556992643676436,0.5851734376185619,9.249537587888074,8.209389675576347,135,121,0.18518518518518517,147456,0.22647119035476088,0.18255099187717172,0.24346118610292175
0.2,3,19,0.8674025284749495,1.209839186482681,-0.3925493970003295,-0.3930768723881143,9.184811697556096,8.028804201969994,136,120,0.17857142857142858,155648,0.1769618708656398,0.13259747152505053,0.19344054234487937
0.2,3,20,0.9483992899733829,1.2493932586721015,-0.492671741796946,-0.16039467323724124,9.501526448941101,8.392542902359434,135,121,0.1724137931034483,163840,0.14192779537414765,0.05160071002661715,0.16707116088526566
0.2,3,21,0.9110162336297456,1.218718754819619,0.2153264045393506,0.11779009479353265,9.895851783085048,8.770831673856893,135,121,0.16666666666666666,172032,0.16364807415507557,0.0889837663702544,0.187520830120254
0.2,3,22,0.8974442648920891,1.3056466699795004,0.08078035792653163,-0.3449299673544095,9.693642951183795,8.56133867689919,135,121,0.16129032258064516,180224,0.1218964197033142,0.10255573510791094,0.12956888668033306
0.2,3,23,0.8894919278150111,1.3954339760701306,0.0678766995772832,-0.5109161363338185,9.774244739128783,8.753395043736926,135,121,0.15625,188416,0.08439119053285257,0.11050807218498893,0.06971068261991291
0.2,3,24,0.8756650106231881,1.4705539359877169,0.08760734732739009,-0.31730671069188426,9.885797508943387,8.976560858993595,134,122,0.15151515151515152,196608,0.07087640438255315,0.12433498937681187,0.019630709341522074
0.2,3,25,0.8173772427625883,1.4017968554953864,0.44898477793121905,0.353085889191231,9.95249591080869,9.143066183267665,133,123,0.14705882352941177,204800,0.11501829827879716,0.18262275723741173,0.06546876300307576
0.2,3,26,0.7696940995686793,1.4107376168030783,0.32043072226306835,-0.04005461065846015,9.603895450363513,8.75860819731662,133,123,0.14285714285714285,212992,0.1370104777885203,0.2303059004313207,0.05950825546461447
0.2,3,27,0.8273834611202514,1.4202559998311683,-0.39874886704446616,-0.04386070899343904,9.428195434118045,8.631787529908802,133,123,0.1388888888888889,221184,0.10547413107232341,0.1726165388797486,0.0531626667792211
0.2,3,28,0.8216239763115908,1.3424579816143345,0.04091538008072483,0.36845141427492545,9.674214312420272,8.842833942598212,133,123,0.13513513513513511,229376,0.13201106408633076,0.1783760236884092,0.10502801225711034
0.2,3,29,0.7930045141309369,1.2980403649646215,0.20880759607005125,0.216047287384204,9.525180552642338,8.606618468856453,134,122,0.13157894736842105,237568,0.16041755644739022,0.20699548586906313,0.13463975669025233
0.2,3,30,0.86053056167701,1.3577499362476702,-0.6490844492065226,-0.3826331279760011,9.339846034220031,8.39213332369836,134,122,0.12820512820512822,245760,0.11050486221627355,0.13946943832298997,0.09483337583488656
0.2,3,31,0.8105868254446779,1.4327874149576802,0.5206586541533786,-0.5215056731635361,9.70688830004212,8.775681672545023,134,122,0.125,253952,0.11148629758259843,0.18941317455532214,0.044808390028213164
0.2,3,32,0.8766780529450435,1.4020297721105948,-0.5202701428828789,0.1614161096615052,9.62725968743275,8.82408066149562,133,123,0.12195121951219513,262144,0.08736566510605777,0.12332194705495647,0.0653134852596035
0.2,3,33,0.9461428288577967,1.4293297495092052,-0.5601639529604417,-0.14676467849492986,9.844192747108092,8.95264538819072,134,122,0.11904761904761904,270336,0.04928685013538995,0.05385717114220334,0.04711350032719652
0.2,3,34,0.9794812119141764,1.3888109005607827,-0.2752416905134711,0.22301574461211693,10.174451456222103,9.26227092516707,134,122,0.11627906976744186,278528,0.06271801728276785,0.020518788085823636,0.07412606629281153
0.2,3,35,0.8985775574770672,1.3913384629457313,0.6834740726846977,-0.014235231352029766,10.247331551300642,9.262390533054035,134,122,0.11363636363636363,286720,0.08245062201997737,0.10142244252293275,0.07244102470284582
0.2,3,36,0.8627111131014272,1.4409411306746225,0.3098860794055301,-0.2857113661184138,9.916354540976963,8.995299784889415,134,122,0.1111111111111111,294912,0.08290158857500143,0.13728888689857277,0.039372579550251675
0.2,3,37,0.7987659492059507,1.3841393977931444,0.5647636875248493,0.33444860320614284,9.850960057810486,9.0163678234204,133,123,0.10869565217391305,303104,0.1288037533408178,0.20123405079404932,0.07724040147123705
0.2,3,38,0.7386541507716938,1.3169711635674386,0.660263245778761,0.49184705275006235,9.500700664091703,8.64941844115425,134,122,0.10638297872340426,311296,0.17698431731890116,0.26134584922830617,0.12201922428837426
0.2,3,39,0.7696959522033107,1.2742016549603679,-0.2860812419937812,0.2627758608818423,9.154599743800999,8.273201297441227,134,122,0.10416666666666667,319488,0.1789068060400133,0.23030404779668934,0.15053223002642144
0.2,3,40,0.7674299733513454,1.1967204445342738,0.021318329039288764,0.4859621517924616,9.209518144972746,8.252830928686015,135,121,0.1020408163265306,327680,0.2119994964136576,0.23257002664865456,0.20218637031048411
0.2,3,41,0.7761875861634366,1.2460068684449388,-0.08407308299607578,-0.31543311302825633,9.079892963576185,8.035243510825056,135,121,0.1,335872,0.1877842521983433,0.22381241383656336,0.1693287543700408
0.2,3,42,0.7657583353198943,1.2797308803319567,0.10212322425996657,-0.220150349598453,9.191090183396991,8.196366861973173,135,121,0.09803921568627452,344064,0.17835801726729464,0.23424166468010565,0.14684607977869554
0.2,3,43,0.7825249984029947,1.2371584241730234,-0.16739836422167412,0.28336226819386057,9.202617766442803,8.255569365886803,134,122,0.09615384615384615,352256,0.18923414092910706,0.21747500159700528,0.17522771721798444
0.2,3,44,0.7779196036877215,1.2783266866455205,0.04686449662262016,-0.2792854926134209,9.20248297316905,8.19237444999368,135,121,0.09433962264150944,360448,0.17405459822425476,0.2220803963122785,0.14778220890298632
0.2,3,45,0.7429703351338738,1.2893865364598727,0.362354016366293,-0.07644568191680154,9.248654893920621,8.290109505644256,134,122,0.09259259259259259,368640,0.18432603192383928,0.2570296648661262,0.14040897569341823
0.2,4,0,0.5,0.5,,,,,,,,0,0.6201736729460423,0.5,0.6666666666666666
0.2,4,1,0.51683106055493,0.5885534606923766,-0.10762743171337784,-0.377507664576348,7.084960076217787,5.4999490643968745,144,112,0.5,8192,0.5722256193173934,0.48316893944507,0.6076310262050822
0.2,4,2,0.5545632513595166,0.6704148177363828,-0.4121803216866819,-0.5961601091024784,7.259485975753033,5.753418195782649,142,114,0.45454545454545453,16384,0.5223100970086241,0.44543674864048344,0.5530567881757448
0.2,4,3,0.5919944144109209,0.752414256957753,-0.2861591469548411,-0.41792074954832376,7.506686459652577,6.054914796605635,141,115,0.4166666666666667,24576,0.4724251673983497,0.40800558558907907,0.498390495361498
0.2,4,4,0.6630212146330937,0.8079137492995714,-0.26319115986351393,-0.13710295001875905,7.757213132819359,6.36157688087042,140,116,0.3846153846153846,32768,0.42698876951397213,0.3369787853669063,0.4613908338002857
0.2,4,5,0.7075560747463102,0.8862824052450209,-0.39435653742066007,-0.46263671084316565,8.104207741488795,6.708232307225902,140,116,0.35714285714285715,40960,0.37710342818327197,0.2924439252536898,0.40914506316998606
0.2,4,6,0.655184107788386,0.9156602210033222,0.1508312648388218,-0.05640540625593851,8.386218325038493,7.039394700741127,139,117,0.3333333333333333,49152,0.3763594749865848,0.344815892211614,0.38955985266445187
0.2,4,7,0.6685387301419173,1.0048042284395742,-0.08940239475572827,-0.3978491507507109,8.225020317527001,6.954992561271687,138,118,0.3125,57344,0.3305405482340233,0.33146126985808266,0.33013051437361723
0.2,4,8,0.7416591658051236,1.0575147766099633,-0.5368188160539062,-0.25798546198231603,8.405048891358303,7.223592935504849,137,119,0.29411764705882354,65536,0.2842172297765514,0.2583408341948764,0.2949901489266911
0.2,4,9,0.7671211084865466,1.0039157832906365,-0.08799647390699773,0.12349208060772879,8.76764867291541,7.5848039186166325,137,119,0.2777777777777778,73728,0.3039899432449282,0.23287889151345342,0.3307228111395757
0.2,4,10,0.7152337586588067,1.0776226549367303,0.2044960842676373,-0.19366013341444988,8.789321896365902,7.525079469818624,137,119,0.2631578947368421,81920,0.2825675869213416,0.2847662413411933,0.2815848967088465
0.2,4,11,0.6444825831451383,1.0284317600115211,0.27168451397248666,0.12592869100853507,8.693904447119573,7.555721460512105,136,120,0.25,90112,0.32758756370354813,0.3555174168548617,0.3143788266589859
0.2,4,12,0.6703181005698922,1.1147887286903444,-0.28559989480960574,-0.6364246749997315,8.34713292563541,7.2128129833302905,137,119,0.23809523809523808,98304,0.2812487967048966,0.32968189943010784,0.25680751420643705
0.2,4,13,0.7603021450640577,1.1200680976367288,-0.5004779063005809,-0.01957537792192416,8.57511751267767,7.516945122018878,136,120,0.22727272727272727,106496,0.2491853262097024,0.2396978549359423,0.2532879349088475
0.2,4,14,0.7603021450640577,1.029929315750129,0.0,0.7604581281097315,8.934783155412493,7.807912331394034,136,120,0.2173913043478261,114688,0.2926912312959664,0.2396978549359423,0.31338045616658067
0.2,4,15,0.7819550595788803,1.1174287517083898,-0.10037021877494529,-0.2703973953499558,8.800460782187203,7.571127069798763,137,119,0.20833333333333334,122880,0.2442598591428969,0.21804494042111966,0.2550474988610734
0.2,4,16,0.8285716909954866,1.0956551309744558,-0.2237598307997098,0.06967558634858877,9.016692441114232,7.869242693487673,136,120,0.2,131072,0.24361535775475837,0.17142830900451345,0.26956324601702947
0.2,4,17,0.8427106056016096,1.1846781116803429,-0.10459091974809995,-0.4390245262868982,9.170531843513404,7.960978076669088,137,119,0.1923076923076923,139264,0.19546225041301196,0.1572893943983904,0.21021459221310476
0.2,4,18,0.8719600747906522,1.099416933221684,-0.16350207226074617,0.31773521019671025,9.36264497998378,8.243940588887616,136,120,0.18518518518518517,147456,0.23327831897485496,0.12803992520934782,0.2670553778522106
0.2,4,19,0.8869899234661452,1.1882938348823056,-0.08106082604366059,-0.3195612153903832,9.351859509879159,8.112594054710527,137,119,0.17857142857142858,155648,0.1839163779636045,0.11301007653385475,0.20780411007846297
0.2,4,20,0.9161483218289657,1.2024357334912685,-0.16235396208418415,-0.052494727636470256,9.548168148518506,8.39915642183524,136,120,0.1724137931034483,163840,0.1714872470117984,0.08385167817103434,0.19837617767248764
0.2,4,21,0.8543020602183993,1.2545264836529446,0.3562344668768622,-0.2000284806208364,9.689577499050651,8.534548506489019,136,120,0.16666666666666666,172032,0.15834250790795837,0.14569793978160073,0.16364901089803693
0.2,4,22,0.9127877388244983,1.2931203839628946,-0.34810675906350114,-0.15314059642988187,9.517855690850158,8.47086270537861,135,121,0.16129032258064516,180224,0.12453625240622053,0.08721226117550174,0.13791974402473692
0.2,4,23,0.9438577457901741,1.246669542996355,-0.19089412279711263,0.19026264459894637,9.817412029565793,8.7702019034181,135,121,0.15625,188416,0.14393189965924466,0.05614225420982588,0.16888697133576333
0.2,4,24,1.0116682889450357,1.2455998023877592,-0.42964760142920316,0.004518584330708743,9.872753394543391,8.747979264252127,135,121,0.15151515151515152,196608,0.1412641927650261,0.011668288945035687,0.16960013174149383
0.2,4,25,1.0397547132295484,1.3265884319749413,-0.18334817772929835,-0.3524625159634158,10.154668305007293,8.978518827699645,135,121,0.14705882352941177,204800,0.09868677590292853,0.03975471322954838,0.11560771201670583
0.2,4,26,0.950980815306997,1.342215173402265,0.8186242276924781,-0.09606749605199877,10.401343128327957,9.299333617833481,135,121,0.14285714285714285,212992,0.09164972109142852,0.04901918469300304,0.10518988439849004
0.2,4,27,1.040432525776848,1.3311070010045247,-0.7268109177325359,0.060170572720751894,10.05343617818424,9.034842919300592,134,122,0.1388888888888889,221184,0.09633217251601732,0.04043252577684808,0.11259533266365018
0.2,4,28,1.1014980836333963,1.3758044496208912,-0.433809723012919,-0.21168711664711165,10.411433352310056,9.314233132472912,135,121,0.13513513513513511,229376,0.08897086077037836,0.1014980836333963,0.08279703358607253
0.2,4,29,1.1275993567304117,1.4103852050422248,-0.1904348885158238,-0.16820079436936652,10.744536867840164,9.656704429676573,134,122,0.13157894736842105,237568,0.08649127535073466,0.12759935673041167,0.05974319663851683
0.2,4,30,1.1153566138646114,1.499688705797357,0.16288850728764423,-0.7921162816218145,10.913529988272163,9.848477590610075,134,122,0.12820512820512822,245760,0.06398856933111545,0.11535661386461138,0.00020752946842872433
0.2,4,31,1.149707248362213,1.5725523452382417,-0.26381287294158157,-0.37306183393732995,11.007721443523247,10.057338208063909,133,123,0.125,253952,0.09228068055458155,0.14970724836221305,0.04836823015882782
0.2,4,32,1.149707248362213,1.6590935785314938,0.0,-0.4541683923229869,11.279501295122714,10.393062745251607,133,123,0.12195121951219513,262144,0.1211775898831538,0.14970724836221305,0.1060623856876625
0.2,4,33,1.232801711184111,1.6940265178343956,-0.7467140741476482,-0.20927922706259433,11.427971917390096,10.64640991005608,132,124,0.11904761904761904,270336,0.16810521096869094,0.23280171118411097,0.12935101188959708
0.2,4,34,1.2130853036452875,1.6565500000396551,0.16277866064052687,0.2062707539422518,11.85477694044113,11.060572319498043,132,124,0.11627906976744186,278528,0.1466689093392854,0.21308530364528755,0.10436666669310342
0.2,4,35,1.1899702198938555,1.56942541738261,0.2770374314744902,0.6961333374965402,11.702061105482468,10.875027886560124,132,124,0.11363636363636363,286720,0.1121929286476846,0.18997021989385554,0.046283611588406735
0.2,4,36,1.2062106676934994,1.4807617390511363,-0.23676124646346608,0.8617218464569621,11.45063482896036,10.533345303275166,133,123,0.1111111111111111,294912,0.11488181238517785,0.20621066769349938,0.012825507299242478
0.2,4,37,1.163565531037253,1.501451933265306,0.3766418469479681,-0.12182386353303204,11.373522814879488,10.339138331151242,134,122,0.10869565217391305,303104,0.09073340671135324,0.16356553103725302,0.0009679555102040105
0.2,4,38,1.1477893734967175,1.5161541044477704,0.14236404564579158,-0.08844826183370581,11.220395893860907,10.239187016984296,133,123,0.10638297872340426,311296,0.08246706383867952,0.1477893734967175,0.010769402965180289
0.2,4,39,1.117586338792295,1.5339093758040983,0.278351167835957,-0.10908838721327756,11.176061984055028,10.223140287415724,133,123,0.10416666666666667,319488,0.0678831413034986,0.11758633879229508,0.022606250536065502
0.2,4,40,1.086608600998417,1.545437283236597,0.2914385571648046,-0.07230303541663169,11.074665172262575,10.163740978566512,133,123,0.1020408163265306,327680,0.05425182442823962,0.08660860099841705,0.030291522157731343
0.2,4,41,1.0930468724306377,1.456559358919374,-0.061807405749318554,0.5688187156302277,10.96051328621249,10.085002093335929,133,123,0.1,335872,0.05696101167700086,0.0930468724306377,0.028960427387084042
0.2,4,42,1.1090532616266313,1.4140289040194136,-0.15673456300716895,0.27763880958694165,10.83996461572162,9.853653751158365,134,122,0.09803921568627452,344064,0.07702875230519635,0.10905326162663131,0.057314063987057594
0.2,4,43,1.106362608204837,1.504127518793248,0.04044475773951819,-0.9028827019433195,10.839195074190874,9.79126130107422,134,122,0.09615384615384615,352256,0.05904376691006889,0.106362608204837,0.0027516791954986055
0.2,4,44,1.1668905270621013,1.437334023310466,-0.6447524280852803,0.47432952380627946,10.976265335723813,10.037424761836107,133,123,0.09433962264150944,360448,0.09888528343103778,0.16689052706210128,0.04177731779302274
0.2,4,45,1.1563769542359703,1.4350951749283964,0.10900472306132541,0.015474920016863947,11.128863154451508,10.069014624306142,134,122,0.09259259259259259,368640,0.09391712899178593,0.1563769542359703,0.04326988338106904
0.4,0,0,0.5,0.5,,,,,,,,0,0.6201736729460423,0.5,0.6666666666666666
0.4,0,1,0.5339512108091017,0.5835003909248091,-0.5995997064225431,-0.9831128982153259,19.469355173249635,16.572474569915492,138,118,0.5,8192,0.5703367446157187,0.4660487891908983,0.6109997393834606
0.4,0,2,0.5140633846208491,0.6714178201951526,0.4626211634967314,-1.3633956450106306,20.544156158548724,17.929586564523362,136,120,0.45454545454545453,16384,0.5328249309413993,0.4859366153791509,0.5523881198698982
0.4,0,3,0.5852966960041891,0.7266520066141099,-0.7744802930581532,-0.400353786300675,20.75607185395851,18.606918829974227,134,122,0.4166666666666667,24576,0.4867619696980397,0.4147033039958109,0.5155653289239267
0.4,0,4,0.6103455948092282,0.8132404161655903,-0.7294747609051105,-1.68108679071654,22.342769819722246,20.256058120238805,134,122,0.3846153846153846,32768,0.4379916688610503,0.38965440519077177,0.45783972255627314
0.4,0,5,0.6126317591217484,0.9033502017204131,-0.06638576668130879,-1.7444086489569017,23.367789871820694,21.63066724706558,132,124,0.35714285714285715,40960,0.39459624382327924,0.3873682408782516,0.39776653218639124
0.4,0,6,0.6975649890825409,0.933538716894683,-2.8790616855451394,-0.6822190201397864,24.04188562909407,22.740634004659547,131,125,0.3333333333333333,49152,0.35619584979483737,0.30243501091745906,0.37764085540354464
0.4,0,7,0.7668390503430976,0.875866328037721,-1.1446920412181065,0.6353231721590923,25.79865073541023,24.43550662150355,131,125,0.3125,57344,0.3695764182129117,0.23316094965690237,0.4160891146415193
0.4,0,8,0.7358726640304011,0.9277265375508046,0.4042971396985663,-0.4513912636018791,26.683611220105373,24.876674082948,132,124,0.29411764705882354,65536,0.34961964626631176,0.2641273359695989,0.38151564163279694
0.4,0,9,0.7249577460083346,1.0172020345573682,0.26520481016519015,-1.449351682415371,26.469965814582793,24.988822110609842,131,125,0.2777777777777778,73728,0.3082167653386221,0.2750422539916654,0.32186531029508786
0.4,0,10,0.7610823683870077,0.9346186726858734,-0.7508914794466488,1.1443929133863073,26.92852202153499,25.922428240301073,130,126,0.2631578947368421,81920,0.3404692146801777,0.2389176316129923,0.3769208848760844
0.4,0,11,0.8053997948602901,1.0131104920735345,-1.8675921389308003,-2.2051627170054973,26.99636636688936,25.493210601219623,131,125,0.25,90112,0.290850547278306,0.19460020513970988,0.3245930052843103
0.4,0,12,0.863873422605691,1.005574363628333,-0.943062668277826,0.08102845304280648,28.428555797360552,27.225560222382978,130,126,0.23809523809523808,98304,0.28446287034967216,0.136126577394309,0.3296170909144447
0.4,0,13,0.8405347112684677,0.9718237310172056,0.39433086675372603,0.3801671257317384,29.518482025564634,28.160527831980623,131,125,0.22727272727272727,106496,0.30604139962621757,0.15946528873153232,0.35211751265519625
0.4,0,14,0.8903283435792565,0.9822645755263169,-0.8795547211377737,-0.12295138493929389,28.80541711726209,27.322529986509757,131,125,0.2173913043478261,114688,0.293560551728922,0.1096716564207435,0.3451569496491221
0.4,0,15,0.8323367454104621,1.0214812870630656,1.0689011374472188,-0.48189495136356775,29.872223787858275,28.346761844915747,131,125,0.20833333333333334,122880,0.2812560429821233,0.1676632545895379,0.31901247529128957
0.4,0,16,0.8389108612013471,1.1113800134253897,-0.25110479839191824,-2.2891799979347724,29.016554480843883,27.801125758051214,130,126,0.2,131072,0.23335361387595172,0.16108913879865294,0.25907999104974017
0.4,0,17,0.8895926567602697,1.1113800134253897,-1.0120140937205666,0.0,29.83995842056071,29.073039267456856,129,127,0.1923076923076923,139264,0.22409838183365663,0.11040734323973034,0.25907999104974017
0.4,0,18,0.9047278764457704,1.1754214129267364,-0.31384391539854295,-0.8853083067066158,30.846373399171075,29.982441320464055,129,127,0.18518518518518517,147456,0.18763961916643754,0.09527212355422965,0.21638572471550907
0.4,0,19,0.9232753825534669,1.1529981980881128,-0.39884557133990556,0.32145920792650823,31.66220227867558,31.10500526222213,129,127,0.17857142857142858,155648,0.19713089556271488,0.07672461744653314,0.23133453460792483
0.4,0,20,0.9600053994875515,1.160225296996257,-0.8180509371559339,-0.10730796458812404,31.857681779053728,31.14996914900972,129,127,0.1724137931034483,163840,0.1897742925537777,0.03999460051244852,0.226516468669162
0.4,0,21,0.9874843587081091,1.111110417536424,-0.6331152204416475,0.7544045485030346,32.66874537478901,31.936459219961797,129,127,0.16666666666666666,172032,0.21582881295183337,0.012515641291890867,0.25925972164238403
0.4,0,22,0.96095096790147,1.111110417536424,0.6317069683244622,0.0,32.84876235287203,31.816260705857005,130,126,0.16129032258064516,180224,0.2168018835119194,0.039049032098529946,0.25925972164238403
0.4,0,23,0.8928218963578226,1.1609510794187723,1.6743400622566795,-0.8165894042803968,32.297550359792396,31.307729613165403,129,127,0.15625,188416,0.19724355615691047,0.10717810364217739,0.22603261372081848
0.4,0,24,0.912571210881713,1.1609510794187723,-0.5005266272934789,0.0,31.305665416173948,30.69417641136414,129,127,0.15151515151515152,196608,0.19422268243831362,0.087428789118287,0.22603261372081848
0.4,0,25,0.979720481397406,1.1008180978761088,-2.380884680110823,1.421407295763598,31.704167611282188,31.05698521496377,129,127,0.14705882352941177,204800,0.22171183644056175,0.020279518602594027,0.2661212680825941
0.4,0,26,1.0141282897804103,1.0432113116412123,-0.9248818893351564,1.0323136093293468,32.606005590120766,31.532488430423683,130,126,0.14285714285714285,212992,0.25350194317850955,0.014128289780410253,0.3045257922391918
0.4,0,27,0.9821091704056685,1.0017283483050903,0.8852646124728608,0.7646139802114005,32.88125703470626,31.45840375726905,130,126,0.1388888888888889,221184,0.276569490873366,0.017890829594331525,0.3321811011299398
0.4,0,28,1.0019232923876351,0.9937282188755212,-0.5630380902395642,0.15155445191375658,31.895346949787204,30.310890382751317,131,125,0.13513513513513511,229376,0.28083108277263286,0.0019232923876351116,0.33751452074965255
0.4,0,29,0.982416106289207,0.9662098566089706,0.5692977190965294,0.5353972562580074,32.249946465576365,30.59412892902899,131,125,0.13157894736842105,237568,0.29625410636528193,0.017583893710793053,0.3558600955940196
0.4,0,30,0.9855893670950729,1.05629276517579,-0.12075246750671889,-2.2852903590563827,31.63714648676035,29.873076588972324,131,125,0.12820512820512822,245760,0.24625426295478678,0.014410632904927057,0.29580482321613993
0.4,0,31,0.9080352381304317,1.0103541422040923,2.8490462164331976,1.1250745057071807,32.382601804268035,31.070550732954466,130,126,0.125,253952,0.27635572587764307,0.09196476186956826,0.3264305718639385
0.4,0,32,0.8840522570698546,1.0442281646894918,0.755176107635453,-0.7110834800135067,30.439406184690565,29.023815510755377,131,125,0.12195121951219513,262144,0.26086946040141296,0.11594774293014543,0.3038478902070055
0.4,0,33,0.9103837128786175,1.1304352086881766,-1.0022929237163205,-2.1876169906673217,30.214047555506475,29.01470956042974,130,126,0.11904761904761904,270336,0.21093871796532146,0.08961628712138248,0.2463765275412156
0.4,0,34,0.9394208093483896,1.089376913008431,-0.9589210738177534,0.9039394376852814,31.416080894600682,30.61341562294153,129,127,0.11627906976744186,278528,0.2302381094636192,0.06057919065161044,0.273748724661046
0.4,0,35,0.9123654685167528,1.1753595189964097,1.0967627851446484,-2.323694558847799,31.68425823751206,30.61809301070041,130,126,0.11363636363636363,286720,0.18652387186015032,0.08763453148324718,0.21642698733572688
0.4,0,36,0.9270844793898246,1.1693530859962407,-0.5086890157733617,0.13838821632389572,31.8161857138248,31.24498395223957,129,127,0.1111111111111111,294912,0.18781664945125634,0.07291552061017537,0.22043127600250623
0.4,0,37,0.9024573197448381,1.21205213077433,0.870028295938084,-1.0056479026135594,32.06675719314652,31.438100586319273,129,127,0.10869565217391305,303104,0.1686403089536693,0.09754268025516188,0.19196524615044672
0.4,0,38,0.8748271144808101,1.2235772032292689,0.9973398892103579,-0.2773393435556511,31.914876454731452,31.555054200109637,128,128,0.10638297872340426,311296,0.16832003751439437,0.12517288551918992,0.18428186451382075
0.4,0,39,0.9035754281149118,1.2998423975258642,-1.0597778338075259,-1.8742934150331283,31.45543483533062,31.207747268193877,128,128,0.10416666666666667,319488,0.12323930927753998,0.09642457188508824,0.1334384016494239
0.4,0,40,0.8886216718257479,1.3156677504440033,0.5627397566738128,-0.3970264540102774,32.67106244460536,32.7785040430885,127,129,0.1020408163265306,327680,0.11946484544161695,0.11137832817425208,0.12288816637066446
0.4,0,41,0.9665218663142068,1.2877970757073924,-2.9913674683568225,0.7134892732572368,32.50512671497895,32.72537466673192,127,129,0.1,335872,0.11916487158350496,0.03347813368579322,0.1414686161950717
0.4,0,42,0.9534380046377853,1.2631543736663169,0.5124686941420769,0.6434702356965647,33.85599630977334,33.79043699247601,128,128,0.09803921568627452,344064,0.13389303437446515,0.046561995362214725,0.1578970842224554
0.4,0,43,0.9616000407920532,1.2668078946206272,-0.3259590758568434,-0.09727134188755662,33.378209367740766,33.201951364285996,128,128,0.09615384615384615,352256,0.1310937596102488,0.03839995920794681,0.15546140358624858
0.4,0,44,0.9797255789834984,1.3130942935177723,-0.737781906544588,-1.2560277204729295,33.577274324518136,33.40707495491636,128,128,0.09433962264150944,360448,0.10428481010884791,0.020274421016501565,0.12460380432148514
0.4,0,45,0.966276180034001,1.3052588282566722,0.557773473233559,0.21663494353889556,34.34532417001794,34.39496334340619,127,129,0.09259259259259259,368640,0.10963073685375119,0.03372381996599905,0.12982744782888522
0.4,1,0,0.5,0.5,,,,,,,,0,0.6201736729460423,0.5,0.6666666666666666
0.4,1,1,0.5774429291154914,0.546125835819126,-1.5695404079884216,-0.623223355118644,19.469355173249635,16.572474569915492,138,118,0.5,8192,0.5787068872119464,0.42255707088450856,0.635916109453916
0.4,1,2,0.5568715378835369,0.6338858373162879,0.6440110642074195,-1.8316185269712248,21.069735115562143,18.163550392464646,137,119,0.45454545454545453,16384,0.5396627370551437,0.44312846211646306,0.5774094417891414
0.4,1,3,0.6370662203296757,0.675041795662109,-0.99366555897154,-0.3399665007479458,21.25066937998541,18.805004155657805,135,121,0.4166666666666667,24576,0.4999313698530368,0.36293377967032425,0.5499721362252606
0.4,1,4,0.6547177957982995,0.7634353581170495,-0.36086931239003367,-1.2047470081644414,22.92581514007273,20.459563226371564,135,121,0.3846153846153846,32768,0.45123668434154596,0.3452822042017005,0.49104309458863366
0.4,1,5,0.6631958877828481,0.8531745466374587,-0.14554538307753462,-1.027049057270124,23.824659629922593,21.73368327642585,133,123,0.35714285714285715,40960,0.40452067632771005,0.3368041122171519,0.43121696890836086
0.4,1,6,0.6530872929170196,0.9193529523342019,0.11645101285434387,-0.5082501557509875,24.594453914837423,22.917461568408164,132,124,0.3333333333333333,49152,0.3751920207035118,0.3469127070829804,0.38709803177719876
0.4,1,7,0.6723794447263926,1.0074030112698102,-0.5342146269250544,-1.6254495558538418,24.882530178553644,23.557239939910747,131,125,0.3125,57344,0.3281589772064461,0.32762055527360745,0.3283979924867932
0.4,1,8,0.6933478567048834,1.0884567159094685,-0.2737635867911761,-0.7054914451835844,25.883102751165737,24.952118482282565,130,126,0.29411764705882354,65536,0.2846879055913733,0.3066521432951166,0.27436218939368767
0.4,1,9,0.7054465895753519,1.1777798409271762,-0.5211022955949716,-2.5648132464107545,26.88887845270053,26.321719781346733,129,127,0.2777777777777778,73728,0.24216176570835204,0.2945534104246481,0.2148134393818825
0.4,1,10,0.7599095256684437,1.1059551335339692,-0.8151078041192454,0.7166326768809681,27.822346380603577,27.691768344381558,128,128,0.2631578947368421,81920,0.2559535971484397,0.24009047433155628,0.2626965776440205
0.4,1,11,0.8289681252662778,1.1638853486344332,-1.410821738525734,-0.7889841116304139,28.271223964243838,27.641650255741396,129,127,0.25,90112,0.20919255835972175,0.17103187473372217,0.22407643424371124
0.4,1,12,0.8614689813848203,1.0798098209729203,-0.5826178225957185,1.00477149855324,30.063079645939077,29.58979253710411,129,127,0.23809523809523808,98304,0.2454199726493146,0.1385310186151797,0.28012678601805313
0.4,1,13,0.9144439516130907,1.152738913448515,-0.8953731938156487,-0.8217560629177174,30.03832650220241,29.064214435826635,130,126,0.22727272727272727,106496,0.1983858708124153,0.08555604838690933,0.23150739103432327
0.4,1,14,0.944852980731036,1.1592128418409946,-0.5371450903393861,-0.07623698074983776,31.676213327442653,30.982708976734067,129,127,0.2173913043478261,114688,0.19149378853179344,0.05514701926896404,0.22719143877267026
0.4,1,15,0.9252960398822022,1.230165483414893,0.36047353372570373,-0.8718660596600623,32.34858146129793,31.636282736236545,129,127,0.20833333333333334,122880,0.15530748458659477,0.07470396011779779,0.1798896777234047
0.4,1,16,0.9616931513391702,1.2043522037951855,-0.6988245399737868,0.3304099791322558,32.52710586059808,32.22283986965999,128,128,0.2,131072,0.1653667570119286,0.038306848660829784,0.1970985308032097
0.4,1,17,1.0021161387120257,1.1888269904803634,-0.8071662118611754,0.20667163964691182,33.061528037833746,32.5587321536058,128,128,0.1923076923076923,139264,0.17261172069711067,0.0021161387120256503,0.20744867301309103
0.4,1,18,1.0194786210112718,1.1864682964655413,-0.3600284329571676,0.03260658606090014,33.77721298289063,33.128291437874545,129,127,0.18518518518518517,147456,0.1742514061726469,0.019478621011271846,0.20902113568963912
0.4,1,19,1.0923430109059225,1.133404366293716,-2.033553962225273,0.9872986023138514,34.12402746368263,33.4365126650291,129,127,0.17857142857142858,155648,0.20970278624441727,0.09234301090592245,0.2443970891375226
0.4,1,20,1.1368320136493377,1.209339454025482,-0.9908590691013444,-1.1274841826412594,35.26091583836508,34.19474416607521,129,127,0.1724137931034483,163840,0.1782017464695022,0.13683201364933772,0.1937736973163453
0.4,1,21,1.0977496106147018,1.290564855058892,1.231915509243529,-1.706869307036626,36.850342189545565,36.128733665608586,129,127,0.16666666666666666,172032,0.12820424367370728,0.09774961061470178,0.1396234299607387
0.4,1,22,1.0608992483556017,1.3152195870353254,0.8773334246646562,-0.391319905929952,36.6689561982289,36.428325788388264,128,128,0.16129032258064516,180224,0.10792093896163481,0.060899248355601676,0.12318694197644975
0.4,1,23,1.0833219244728047,1.2279142401444103,-0.616618896232628,1.6005858341407784,36.08101427098349,36.02197569582763,128,128,0.15625,188416,0.15784432819326516,0.08332192447280473,0.18139050657039313
0.4,1,24,1.079857443428873,1.317986418818495,0.10415991683811053,-1.8053518013524616,35.831011392310025,35.273796734117326,129,127,0.15151515151515152,196608,0.11025307252723608,0.07985744342887302,0.1213423874543366
0.4,1,25,1.075077924121616,1.3312754546292382,0.12480280815109396,-0.231335535393417,36.51373587049149,36.44424434505523,128,128,0.14705882352941177,204800,0.10243897530647414,0.07507792412161596,0.1124830302471745
0.4,1,26,1.0436490897994606,1.3441160325827946,0.8448070665795376,-0.23010315692773003,36.5244246657366,36.53330122298729,127,129,0.14285714285714285,212992,0.08979473059415484,0.04364908979946058,0.10392264494480363
0.4,1,27,1.0346880092618618,1.3896407634249461,0.2477559547035302,-0.8391118388825367,35.96000713982667,36.08180907194908,127,129,0.1388888888888889,221184,0.06416905337041601,0.034688009261861774,0.07357282438336925
0.4,1,28,0.9471917458730253,1.367975032581253,3.969033907958672,0.6552052779455887,36.16626412991938,36.54982955891067,127,129,0.13513513513513511,229376,0.07887537146246379,0.05280825412697465,0.08801664494583135
0.4,1,29,0.9155223368241866,1.3438861352539822,0.9242400336813095,0.4686735863993808,34.146468153462195,34.54793865458293,127,129,0.13157894736842105,237568,0.09846204163820872,0.0844776631758134,0.10407590983067856
0.4,1,30,0.8421503503849679,1.396245963423707,2.293639843565761,-1.0911938276953868,33.290544015183045,33.615284483034,127,129,0.12820512820512822,245760,0.1047802271268673,0.15784964961503212,0.06916935771752868
0.4,1,31,0.8520541936424961,1.4210588035836058,-0.3042460648712668,-0.5081669664747261,32.28210877791968,33.0308528208572,126,130,0.125,253952,0.09301724258755431,0.14794580635750387,0.052627464277596125
0.4,1,32,0.8906853868909727,1.4164466747934812,-1.21641901300803,0.09681780756229583,32.697343069655844,33.563506621595884,126,130,0.12195121951219513,262144,0.07632086677511873,0.10931461310902735,0.05570221680434587
0.4,1,33,0.8798909771926182,1.3430581044518168,0.3481844792301217,1.5781478166271519,33.425710006091684,34.19320269358829,126,130,0.11904761904761904,270336,0.10962444412700185,0.12010902280738178,0.10462793036545544
0.4,1,34,0.9451457025799022,1.2808743379638485,-3.1411984939924738,1.9955801666316269,32.565894590779116,32.951019711421424,127,129,0.11627906976744186,278528,0.12529970189446302,0.05485429742009784,0.14608377469076764
0.4,1,35,0.9147802551532188,1.3227229632300177,1.0261091994424822,-0.94276582999626,33.356692705685774,33.289386548833455,128,128,0.11363636363636363,286720,0.10910764293569644,0.08521974484678119,0.1181846911799882
0.4,1,36,0.8832072507519411,1.2554904624562258,1.0911630321081578,1.5490368178281644,33.093183302145924,33.304291583305535,127,129,0.1111111111111111,294912,0.1503078484329773,0.11679274924805894,0.16300635836251617
0.4,1,37,0.9109734395600441,1.2271464150187885,-0.9809239182126623,0.6675590052465222,31.88781245237353,31.794438203369246,128,128,0.10869565217391305,303104,0.15920456825767698,0.08902656043995594,0.18190238998747432
0.4,1,38,0.8931084335397055,1.2485175815133736,0.6448552573101418,-0.5142757505256927,32.21130651149196,31.916264759897537,128,128,0.10638297872340426,311296,0.1515755346487921,0.10689156646029452,0.16765494565775096
0.4,1,39,0.8765635003287451,1.2592851260131086,0.6099124178888431,-0.26462317362548593,32.028221329137196,31.879309387352656,128,128,0.10416666666666667,319488,0.15005662521924767,0.12343649967125492,0.1604765826579276
0.4,1,40,0.8882127672783032,1.348667979959142,-0.49666791498950963,-2.5405659084195165,31.786746559328616,31.72609134416567,128,128,0.1020408163265306,327680,0.1043629254671799,0.11178723272169677,0.10088801336057207
0.4,1,41,0.8823311554430053,1.2846143612020062,0.2258538944754386,1.639772640182671,32.78107954100652,33.181281660166995,127,129,0.1,335872,0.1361412506070843,0.11766884455699467,0.1435904258653292
0.4,1,42,0.8548925475943933,1.3467100908898735,1.0747153922144372,-1.6214436936095922,32.11502466146671,32.179420996251906,127,129,0.09803921568627452,344064,0.11708506963694425,0.14510745240560674,0.10219327274008434
0.4,1,43,0.838674203975469,1.3840307727858492,0.6476957707653614,-0.9936258347984581,32.10043429744426,32.5530749686352,127,129,0.09615384615384615,352256,0.11020941481993539,0.161325796024531,0.0773128181427672
0.4,1,44,0.8562807513383807,1.3613707876168473,-0.7166569038599562,0.6149013575460339,32.10622929292604,32.79473906912181,126,130,0.09433962264150944,360448,0.11076417216054274,0.14371924866161934,0.09241947492210183
0.4,1,45,0.8979463955471522,1.3123423277064328,-1.7279575966261733,1.3555388596031406,32.255208470355235,32.78512590668061,126,130,0.09259259259259259,368640,0.1184909475964085,0.10205360445284783,0.12510511486237816
0.4,2,0,0.5,0.5,,,,,,,,0,0.6201736729460423,0.5,0.6666666666666666
0.4,2,1,0.5165680816218183,0.5886030398540184,-0.37915863788484344,-1.351780235046073,19.469355173249635,16.572474569915492,138,118,0.5,8192,0.5722696617370695,0.48343191837818167,0.6075979734306544
0.4,2,2,0.5099965077321915,0.6785019520644182,0.1397932303483804,-1.2749111606819672,20.27933794920505,17.73789440948824,136,120,0.45454545454545453,16384,0.5305910971437333,0.4900034922678085,0.5476653652903879
0.4,2,3,0.5411425929225627,0.7630887203991533,-1.2861254768506998,-2.328579383140857,20.732729491487973,18.628635065126858,134,122,0.4166666666666667,24576,0.4815322831362356,0.4588574070774373,0.49127418640056447
0.4,2,4,0.6012779138672641,0.8302358958786756,-1.0663506342158175,-0.7937923118897445,21.819174515492882,20.027990638448937,133,123,0.3846153846153846,32768,0.43236852412993926,0.39872208613273585,0.4465094027475496
0.4,2,5,0.6567438406770233,0.8195576610948073,-0.5963696450585302,0.07654158693076835,23.324679451178067,21.694072638663485,132,124,0.35714285714285715,40960,0.42274799457757695,0.3432561593229767,0.45362822593679514
0.4,2,6,0.5743241832132902,0.8560542371473755,1.1962221484569902,-0.3531359221848888,24.243435542061665,22.41843531806004,133,123,0.3333333333333333,49152,0.42818617320143176,0.42567581678670985,0.429297175235083
0.4,2,7,0.6638428115525866,0.8454988982020405,-1.3849600201834207,0.10886912746522129,23.031776083680192,21.599634889099903,132,124,0.3125,57344,0.40813773979630297,0.3361571884474134,0.4363340678653063
0.4,2,8,0.6605642896168097,0.9355780372627388,0.046500915508558206,-0.8517583058461533,24.55248338851873,22.836330794577947,132,124,0.29411764705882354,65536,0.3653402012049437,0.3394357103831903,0.3762813084915075
0.4,2,9,0.7132491895723552,1.008716955197544,-2.0506855164770963,-1.8978862359204312,25.135887968046745,23.87278284176643,131,125,0.2777777777777778,73728,0.31553863954113726,0.28675081042764483,0.3275220298683041
0.4,2,10,0.7764596446619617,0.9878117198876056,-0.9223669606675385,0.203366129095079,26.646156641506668,25.624132265979956,130,126,0.2631578947368421,81920,0.3099911287808332,0.2235403553380383,0.34145885340826293
0.4,2,11,0.8075283269514715,1.0724269488998437,-0.5018630608021236,-0.9112125071124069,27.681709880032926,26.41195672789585,131,125,0.25,90112,0.26009705818772083,0.19247167304852852,0.2850487007334375
0.4,2,12,0.8886168695465827,1.033061376888239,-1.4600709554679536,0.47254130279552303,28.923310355936604,28.01891960105219,130,126,0.23809523809523808,98304,0.26627798054670965,0.1113831304534173,0.31129241540784064
0.4,2,13,0.9665814457950042,1.0782999096938473,-1.3366673831573768,-0.5170627839193455,30.220306053992864,28.955515899483345,130,126,0.22727272727272727,106496,0.23465048701247276,0.03341855420499584,0.28113339353743516
0.4,2,14,0.9860497414430903,1.1663111900194891,-0.49473059784355733,-1.4910352749775193,32.157488859831226,30.98893932324411,130,126,0.2173913043478261,114688,0.1852589303318376,0.013950258556909678,0.2224592066536739
0.4,2,15,0.9794999588902605,1.076410687526396,0.2255907051903374,2.064263720797917,33.258515393775454,32.51615411365401,129,127,0.20833333333333334,122880,0.23524007856286971,0.020500041109739464,0.28239287498240273
0.4,2,16,0.9770652328800656,1.080039312046481,0.046746739395742046,-0.046446393857090006,32.411072647714484,31.211976671964486,130,126,0.2,131072,0.23329940022293477,0.022934767119934363,0.2799737919690126
0.4,2,17,0.976636592415807,1.1701770747619622,0.015571433979696021,-2.1829860348959262,32.38858267776772,31.21205564787367,130,126,0.1923076923076923,139264,0.1834112745687398,0.023363407584192974,0.21988195015869186
0.4,2,18,0.9727704390947923,1.23012986784274,0.08016855526456038,-0.8287874115486703,33.09357961321052,32.38646192820958,129,127,0.18518518518518517,147456,0.15045708533835506,0.027229560905207673,0.17991342143817338
0.4,2,19,0.9644217186510827,1.3198811846406164,0.45805006009782795,-3.282786173067715,33.50309011001256,33.11894621892946,128,128,0.17857142857142858,155648,0.10184241484569781,0.03557828134891727,0.12007921023958905
0.4,2,20,0.9998204639099604,1.3712105808106454,-0.7884008544057224,-0.7621388743325915,34.08575608834953,34.19683992657541,127,129,0.1724137931034483,163840,0.07143958551076875,0.00017953609003962256,0.08585961279290306
0.4,2,21,0.9868301191024604,1.4604083999643795,0.5727537103299942,-2.621864296429824,35.267743617895405,35.602157288362875,127,129,0.16666666666666666,172032,0.023144632580867637,0.013169880897539565,0.02639440002374697
0.4,2,22,0.9905583518483746,1.3971543743505994,-0.08876176521472529,1.003967894541918,35.78874373457724,36.63602141486297,126,130,0.16129032258064516,180224,0.0572883863516876,0.009441648151625404,0.06856375043293372
0.4,2,23,0.9685962542194618,1.4845767185638388,0.7122863172096475,-1.8902183405136221,35.301604794390336,35.79275830110198,127,129,0.15625,188416,0.019407158546884424,0.03140374578053817,0.010282187624107486
0.4,2,24,0.971943318151839,1.3945001002712287,-0.21207638339079374,3.8049514084627187,35.62883240965335,36.640272822233584,126,130,0.15151515151515152,196608,0.06055488607386176,0.028056681848161014,0.07033326648584752
0.4,2,25,0.94892837460755,1.3245545229669282,0.6009662058284755,1.2176126097132642,34.890380864098915,35.39651304856588,127,129,0.14705882352941177,204800,0.10135911227161021,0.051071625392450026,0.11696365135538118
0.4,2,26,0.9396738533231812,1.4142169668093596,0.28282783364661734,-1.8267852704781051,33.806244586466256,33.9683315159172,127,129,0.14285714285714285,212992,0.058172086238252076,0.06032614667681879,0.05718868879376027
0.4,2,27,0.9193075793598767,1.44988979916601,0.5630867425374412,-0.6575216459977826,34.39948099865095,35.06782111988174,126,130,0.1388888888888889,221184,0.05268863248115261,0.08069242064012327,0.03340680055599332
0.4,2,28,0.9618221079248676,1.4802664608707048,-1.2080928437027803,-0.5754554793337379,34.30303060429303,35.204335206299255,126,130,0.13513513513513511,229376,0.023838972679645576,0.03817789207513245,0.013155692752863471
0.4,2,29,0.9594120205324697,1.4964780647072973,0.07033599045974177,-0.31541296424474474,35.44933919170985,36.447720312726055,126,130,0.13157894736842105,237568,0.022598761745946307,0.040587979467530344,0.002347956861801818
0.4,2,30,0.9064290597631929,1.5070644584108694,1.5869456409613791,-0.21138910947292935,35.54758235753489,36.640778975307754,126,130,0.12820512820512822,245760,0.05205153490514225,0.09357094023680712,0.00470963894057963
0.4,2,31,0.8197983339761732,1.508732734231772,2.661295896177247,-0.034166288812084854,34.562284365938275,35.80627067506493,125,131,0.125,253952,0.10007520416001862,0.1802016660238268,0.00582182282118134
0.4,2,32,0.8135372483814369,1.4947098155669132,0.19714906320705647,0.29436910861271703,32.858177201176076,34.27764731401416,125,131,0.12195121951219513,262144,0.10347254380157983,0.18646275161856307,0.00352678962205788
0.4,2,33,0.846897014983535,1.5105328991727713,-1.076052631517274,-0.3402595898603746,32.60765550052346,33.961147635587864,125,131,0.11904761904761904,270336,0.0851269928914997,0.15310298501646502,0.007021932781847558
0.4,2,34,0.8934289377055114,1.5859059026211981,-1.5366702159705463,-1.659412043920563,33.40587426022927,34.781276440575,125,131,0.11627906976744186,278528,0.07592955322835777,0.10657106229448865,0.05727060174746542
0.4,2,35,0.9409837060637892,1.5472860494070997,-1.606970732362925,0.8700280532072117,35.03549376931915,36.74998496747262,124,132,0.11363636363636363,286720,0.04194829571488399,0.05901629393621077,0.03152403293806646
0.4,2,36,0.9497441180296673,1.636998117615274,-0.3029236192312625,-2.068084202447148,35.63807285073676,37.04875631050618,125,131,0.1111111111111111,294912,0.0809446874823399,0.050255881970332705,0.09133207841018261
0.4,2,37,0.9931658493854683,1.6858576590300807,-1.5340029253377385,-1.1507399194015309,36.66821450445872,38.57718586946084,124,132,0.10869565217391305,303104,0.10316495385063795,0.006834150614531742,0.12390510602005378
0.4,2,38,1.0606318451127803,1.649503792900698,-2.435252581773054,0.8748194345374687,38.04363088376172,40.165622733546385,124,132,0.10638297872340426,311296,0.08949018808867339,0.0606318451127803,0.09966919526713196
0.4,2,39,1.107856495248823,1.7059239949942067,-1.7408895026150804,-1.3865828866500733,39.121112418316415,40.9334891608247,125,131,0.10416666666666667,319488,0.1289456835937382,0.10785649524882301,0.13728266332947112
0.4,2,40,1.1225735160590198,1.7487106274095892,-0.5538309271293211,-1.0734310340371178,40.69631701572493,42.77521403559232,124,132,0.1020408163265306,327680,0.15380431425932836,0.12257351605901978,0.1658070849397261
0.4,2,41,1.1660926632023862,1.7616593368167661,-1.671135250305276,-0.33148696082372925,41.44415420757085,43.75627882873226,124,132,0.1,335872,0.17191445217187007,0.16609266320238625,0.17443955787784407
0.4,2,42,1.1365319251673123,1.809672388804039,1.1578349873577813,-1.2537168134916692,42.53971509107108,44.8788120354984,124,132,0.09803921568627452,344064,0.18772971977122396,0.13653192516731227,0.2064482592026926
0.4,2,43,1.156851535121745,1.8232848200790401,-0.8114839431402234,-0.3624173702656339,42.36800376816324,45.02502858829523,124,132,0.09615384615384615,352256,0.19931843788546805,0.156851535121745,0.21552321338602676
0.4,2,44,1.1813212333982535,1.90696398621747,-0.9960145986469983,-2.270717852332433,42.958542689470534,45.673867658343795,124,132,0.09433962264150944,360448,0.24713563747562847,0.18132123339825346,0.27130932414498005
0.4,2,45,1.1758841374556332,1.916666194590162,0.22548724293234113,-0.26824665708818507,44.375889409084735,47.56907385697149,123,133,0.09259259259259259,368640,0.25087290531738843,0.17588413745563325,0.277777463060108
0.4,3,0,0.5,0.5,,,,,,,,0,0.6201736729460423,0.5,0.6666666666666666
0.4,3,1,0.5521015820588359,0.5735555922208937,-1.4549110523488178,-1.3693358225142038,19.469355173249635,16.572474569915492,138,118,0.5,8192,0.5708057014160239,0.44789841794116414,0.6176296051860709
0.4,3,2,0.6351984625842826,0.6084827800112044,-0.9747812218153364,-0.2731459678833291,20.795332732060512,18.084146839172135,136,120,0.45454545454545453,16384,0.5343243368929865,0.3648015374157174,0.5943448133258638
0.4,3,3,0.6660146195577445,0.693190303109138,-0.4647324541003814,-0.8516384251280609,22.472396002720664,19.70055152103466,136,120,0.4166666666666667,24576,0.4843673498957275,0.33398538044225545,0.5378731312605747
0.4,3,4,0.6423222970425019,0.7801596876868946,0.316400415942128,-0.7742915997908794,23.566375808103324,21.113077988663978,135,121,0.3846153846153846,32768,0.4458711143278899,0.3576777029574981,0.47989354154207026
0.4,3,5,0.6732070891045636,0.864842210200594,-0.5014616670729352,-0.9166332052428775,23.713565056249024,21.734146360457625,133,123,0.35714285714285715,40960,0.39622022802180995,0.3267929108954364,0.4234385265329373
0.4,3,6,0.7357367166991486,0.9297655932985389,-1.5889951444401726,-1.0998833083534678,24.858946259686256,23.214558338013617,132,124,0.3333333333333333,49152,0.34862470960888736,0.26426328330085136,0.3801562711343074
0.4,3,7,0.7206755957042078,1.018637200881477,0.4927513500570261,-1.9383950961304512,26.482226403064786,25.011549627489693,131,125,0.3125,57344,0.3087106024495178,0.2793244042957922,0.320908532745682
0.4,3,8,0.7163612651912634,0.928601727026862,0.1162185233243995,1.6169043743559697,26.859392057194547,25.870469989695515,130,126,0.29411764705882354,65536,0.3538565194845485,0.2836387348087366,0.38093218198209206
0.4,3,9,0.7424950443354744,0.9821594463832486,-0.3612733628895735,-0.4935879415884594,26.11134374539814,24.67939707942297,131,125,0.2777777777777778,73728,0.32080074868601155,0.2575049556645256,0.3452270357445009
0.4,3,10,0.7069186510624763,1.0123834754336332,0.5191307306395885,-0.2940193546021405,26.9947979932586,25.771435603387623,130,126,0.2631578947368421,81920,0.3155783711635222,0.2930813489375237,0.32507768304424456
0.4,3,11,0.7692595444686338,1.066877969836543,-0.9575561227185778,-0.5580236226857966,26.556223136728562,25.567627803058322,130,126,0.25,90112,0.2722192842497709,0.23074045553136624,0.2887480201089714
0.4,3,12,0.7413585410570346,1.1280898455371293,0.4499873830222725,-0.6581500875327045,28.144665410847587,27.293081180948075,129,127,0.23809523809523808,98304,0.2512813729524011,0.2586414589429654,0.24794010297524713
0.4,3,13,0.7969472517224118,1.0617157233812318,-0.9392268554022138,0.7476381119640303,28.09513376159666,27.621829882016538,129,127,0.22727272727272727,106496,0.26794001953038704,0.20305274827758824,0.2921895177458455
0.4,3,14,0.7400512990713398,1.088550442893619,1.0050101076285358,-0.31600565697787314,28.6359044365391,27.698582802930098,130,126,0.2173913043478261,114688,0.26996527705929724,0.2599487009286602,0.2742997047375873
0.4,3,15,0.8158747825375182,1.1372926151375207,-1.4928840827222272,-0.639787831542399,27.759574294943036,27.084351535294893,129,127,0.20833333333333334,122880,0.2256332918284649,0.18412521746248178,0.2418049232416529
0.4,3,16,0.858442348741689,1.1685215724626188,-0.8172972711200786,-0.39973065376125577,29.594764343716527,29.00902458724542,129,127,0.2,131072,0.19993577165020116,0.141557651258311,0.22098561835825414
0.4,3,17,0.7959106993790801,1.2042167992796442,1.2486319744725747,-0.47517485938824366,30.680671372754688,30.173603571153475,129,127,0.1923076923076923,139264,0.19933747531129561,0.2040893006209199,0.1971888004802372
0.4,3,18,0.7868042244540623,1.1833381134607983,0.18883186404516916,0.2886269527597263,29.748281351115878,29.55539996259597,128,128,0.18518518518518517,147456,0.21175253270464278,0.21319577554593772,0.2111079243594678
0.4,3,19,0.8028274998103233,1.2666484369683495,-0.34456451326103626,-1.194336797804253,29.402838464941762,29.11906859408464,128,128,0.17857142857142858,155648,0.16946063468488434,0.1971725001896767,0.155567708687767
0.4,3,20,0.8094893436106143,1.3565407049182712,-0.29920601682490866,-2.691577911756577,30.399331309410723,30.524268186074586,127,129,0.1724137931034483,163840,0.13228742546586975,0.1905106563893857,0.09563953005448589
0.4,3,21,0.7784953683844466,1.3685199156440708,0.7141011892109042,-0.18400067674828124,31.29626081411267,31.893450636368748,126,130,0.16666666666666666,172032,0.14288383060739004,0.22150463161555345,0.08765338957061945
0.4,3,22,0.8400734484692675,1.434346506419132,-2.1696778428431216,-1.5462482242362936,30.803313599800937,31.531336337367556,126,130,0.16129032258064516,180224,0.09589558922059269,0.15992655153073254,0.04376899572057861
0.4,3,23,0.8058793323643688,1.3949751100711696,0.8403545973939888,0.645060957765017,32.57990131435157,33.543169803780884,126,130,0.15625,188416,0.12242807760900166,0.19412066763563118,0.07001659328588694
0.4,3,24,0.8482016391976838,1.31538979519269,-1.0802747887716122,1.3542741507967664,31.562811219761883,32.37804866272729,126,130,0.15151515151515152,196608,0.13257644536268598,0.15179836080231623,0.12307346987153996
0.4,3,25,0.8595525649629884,1.32963716608563,-0.2963953735836329,-0.2480182325042985,31.69870521694431,31.994351993054508,127,129,0.14705882352941177,204800,0.12247320232833453,0.14044743503701163,0.11357522260957993
0.4,3,26,0.785042367117848,1.3024848163965317,2.0028341180773737,0.48657010642864473,32.04534588923798,32.39615160221686,127,129,0.14285714285714285,212992,0.1619297394534098,0.21495763288215197,0.13167678906897887
0.4,3,27,0.7634267896950617,1.235474556064149,0.5976274845851971,1.2351331184464815,30.359476216928012,30.714635620163108,127,129,0.1388888888888889,221184,0.19685261517064265,0.23657321030493828,0.17635029595723406
0.4,3,28,0.7741133357231131,1.2490210682399825,-0.303668891933109,-0.25662512665899095,29.383580400384638,29.42634785689763,127,129,0.13513513513513511,229376,0.1873008351745629,0.22588666427688686,0.16731928784001168
0.4,3,29,0.7781199353363389,1.2237973713675558,-0.11692860311238035,0.4907522463499328,29.69986519054461,29.791548131360624,127,129,0.13157894736842105,237568,0.19652258054531918,0.22188006466366106,0.18413508575496276
0.4,3,30,0.7998104091493891,1.2339020461870656,-0.6496730716484761,-0.20177014679597016,29.567343349690645,29.51609004558192,128,128,0.12820512820512822,245760,0.1847109953066937,0.20018959085061094,0.17739863587528962
0.4,3,31,0.8165375251596937,1.2854423027314117,-0.5138570038365581,-1.05554445402821,30.067975538779173,30.024375581246858,128,128,0.125,253952,0.1565920571045172,0.1834624748403063,0.14303846484572555
0.4,3,32,0.8006400096052293,1.3262525509021488,0.5005809697789737,-0.8566887296001133,30.82365244214772,31.021149787625156,127,129,0.12195121951219513,262144,0.14668918667945866,0.1993599903947707,0.11583163273190082
0.4,3,33,0.7989214610898763,1.4163749487342103,0.060754266029337395,-2.1240095286519667,30.863167142903396,31.31396905098328,127,129,0.11904761904761904,270336,0.12079955171775725,0.20107853891012373,0.05575003417719312
0.4,3,34,0.7780254505146161,1.3943295956660557,0.6900698532373915,0.4853504931484927,31.617746002876846,32.56545244351177,126,130,0.11627906976744186,278528,0.1363693344406888,0.22197454948538387,0.0704469362226295
0.4,3,35,0.7561684895528625,1.3521328191781927,0.7385904248195768,0.9506089807185787,31.020797842422226,31.891398062816833,126,130,0.11363636363636363,286720,0.15818052846339994,0.24383151044713747,0.09857812054787152
0.4,3,36,0.8427225466233292,1.3773001631906705,-3.374481461038734,-0.6541325245605268,30.235353890907056,30.922628433770356,126,130,0.1111111111111111,294912,0.11065045071851884,0.15727745337667076,0.08179989120621967
0.4,3,37,0.850390978262875,1.3639212713482263,-0.2709103529618735,0.3150996606732459,32.126780680655116,32.770364710017574,126,130,0.10869565217391305,303104,0.1121815558357524,0.14960902173712498,0.09071915243451582
0.4,3,38,0.8415518374420449,1.3384296279829262,0.3190576270686846,0.6134309059425822,32.16100880852341,32.716314983604384,126,130,0.10638297872340426,311296,0.1255275701640913,0.15844816255795513,0.10771358134471587
0.4,3,39,0.8462165530357443,1.3498557734405945,-0.17196007564613502,-0.28080895076765383,31.765715792086034,32.19942635469097,127,129,0.10416666666666667,319488,0.1192187870188899,0.15378344696425572,0.10009615103960368
0.4,3,40,0.8407837976152402,1.366772274888417,0.20444545198440764,-0.42440118832297274,31.95639680248587,32.44311306291169,127,129,0.1020408163265306,327680,0.11515798624930254,0.15921620238475975,0.08881848340772198
0.4,3,41,0.8490501132946914,1.3049629336041537,-0.3174265220909239,1.5823191368771405,31.99659342676513,32.58637430400448,126,130,0.1,335872,0.13680454959218646,0.15094988670530862,0.1300247109305642
0.4,3,42,0.8319632059816768,1.393055113267856,0.6692599856361534,-2.300262995378591,31.626425367736363,31.864045788331623,127,129,0.09803921568627452,344064,0.11048643904550527,0.16803679401832317,0.07129659115476272
0.4,3,43,0.896062439409671,1.408457312242194,-2.559866986180376,-0.4100681454927759,32.05398660956297,32.805451639422074,126,130,0.09615384615384615,352256,0.07682763962451471,0.10393756059032899,0.06102845850520403
0.4,3,44,0.8948390726917922,1.4575031450282034,0.049795918884538055,-1.3309077184811542,33.462857490409576,34.17639573383705,126,130,0.09433962264150944,360448,0.06291582487692114,0.10516092730820781,0.028331236647864372
0.4,3,45,0.8956494553047163,1.4077898958370594,-0.03360818772319033,1.3744719136367507,33.87705322497585,34.86465341907856,126,130,0.09259259259259259,368640,0.07724434654531785,0.10435054469528371,0.06147340277529375
0.4,4,0,0.5,0.5,,,,,,,,0,0.6201736729460423,0.5,0.6666666666666666
0.4,4,1,0.5422222208178704,0.5796384584808558,-1.0052112725319104,-1.264002297705419,19.469355173249635,16.572474569915492,138,118,0.5,8192,0.5701891352121459,0.4577777791821296,0.6135743610127627
0.4,4,2,0.6133058265763014,0.5242117411652871,-0.7216619262073191,0.37513902260609167,20.66232041351482,18.0066730850924,136,120,0.45454545454545453,16384,0.5822225611566866,0.3866941734236986,0.6505255058898086
0.4,4,3,0.69445828583714,0.5526312924134107,-0.7479010645478884,-0.1746097228684713,21.571041230118045,18.46982846342052,137,119,0.4166666666666667,24576,0.5521602908876994,0.30554171416286,0.6315791383910595
0.4,4,4,0.7589022294279867,0.6156549239690404,-1.6623730662036686,-1.0838234678042826,23.209692745977335,20.034950317469455,137,119,0.3846153846153846,32768,0.5084499365643655,0.24109777057201331,0.5895633840206397
0.4,4,5,0.7565884177526702,0.7057640038418878,0.11397495258188341,-2.959093636203896,24.80094968181783,21.76804513989073,136,120,0.35714285714285715,40960,0.46078862698485734,0.24341158224732984,0.5294906641054081
0.4,4,6,0.8459847159590983,0.6942183610712412,-1.2169371545372176,0.10477929506036687,25.33119669250286,22.725464884204015,134,122,0.3333333333333333,49152,0.45505866311698806,0.1540152840409017,0.5371877592858392
0.4,4,7,0.8440552302397969,0.784336489574107,0.06246384994583257,-1.9449484042619498,26.98438317659967,24.13730840160984,135,121,0.3125,57344,0.40629395624754827,0.1559447697602031,0.4771090069505954
0.4,4,8,0.7954767138585629,0.8474223675255725,0.634241109873391,-0.5490994816895566,27.544185343072982,25.130878603838312,133,123,0.29411764705882354,65536,0.37934653975569865,0.2045232861414371,0.4350517549829516
0.4,4,9,0.8021593883747055,0.9373130893010222,-0.12799315178126178,-1.1477836474144296,27.03215365620249,25.024206115057453,132,124,0.2777777777777778,73728,0.3308531940675293,0.19784061162529454,0.3751246071326519
0.4,4,10,0.8904524940035566,0.9191657066133583,-1.3397630026389407,0.18357939159195114,27.803398549814055,26.225627370278733,131,125,0.2631578947368421,81920,0.32786917299153623,0.10954750599644336,0.38722286225776115
0.4,4,11,0.9493840183324244,0.9612343043984588,-0.905188213691408,-0.4307824413194296,29.411653958711597,27.570076244443495,132,124,0.25,90112,0.3001694149115872,0.05061598166757564,0.35917713040102744
0.4,4,12,1.0134674405343644,1.0246244850172888,-1.504523819747268,-0.9921654556105998,30.916489472453662,29.18133692972352,131,125,0.23809523809523808,98304,0.2637966887292179,0.013467440534364439,0.31691700998847416
0.4,4,13,0.99128927202537,0.9678252186926409,0.3747223351279704,0.6397869358808329,32.72575060117608,31.209118823455263,131,125,0.22727272727272727,106496,0.29523699718199453,0.008710727974630017,0.3547831875382394
0.4,4,14,1.0308417394851717,0.9486775188219291,-0.6986547852099387,0.22548331367750263,31.834357169565905,30.064441823667018,131,125,0.2173913043478261,114688,0.30629683498543875,0.03084173948517166,0.36754832078538063
0.4,4,15,0.95927658480245,0.9972397467747438,1.3190889311119247,-0.596732657084188,32.527181171889346,30.60167472226605,131,125,0.20833333333333334,122880,0.2797945778154316,0.04072341519754996,0.3351735021501708
0.4,4,16,0.9881350411801768,0.9669560459236276,-0.5540823624523546,0.387631370894287,31.388017072976627,29.817797761099,131,125,0.2,131072,0.29575282518979357,0.01186495881982319,0.35536263605091495
0.4,4,17,0.9562614329560702,1.0368007114772393,0.6364522090189597,-0.9297721878496803,31.761995954850946,29.99265122095743,131,125,0.1923076923076923,139264,0.25807967948800264,0.043738567043929755,0.3087995256818405
0.4,4,18,1.0222521540241782,1.022685199211592,-1.3683835920682885,0.19513284156030983,31.624865238911557,30.26060066042959,130,126,0.18518518518518517,147456,0.26505417583255486,0.02225215402417824,0.318209867192272
0.4,4,19,1.0302806650671823,1.0992408055445606,-0.17264510146875894,-1.0975011723894394,32.896739334410796,31.357176353983984,131,125,0.17857142857142858,155648,0.22293486500803053,0.0302806650671823,0.2671727963036263
0.4,4,20,0.9486337133652523,1.1374347223086567,3.7216843338408223,-1.1606532655204775,33.65697136690831,32.498291434573375,130,126,0.1724137931034483,163840,0.20312336228171515,0.05136628663474774,0.24171018512756218
0.4,4,21,0.9316784077264997,1.1384413892442797,0.3906502419168607,-0.015462404131170476,32.25208397265602,31.41960519453841,129,127,0.16666666666666666,172032,0.20410590688500824,0.06832159227350032,0.24103907383714684
0.4,4,22,0.9751900504930057,1.136511932331411,-1.0359251909849738,0.030624340121054104,31.91268051034307,31.11432956299097,129,127,0.16129032258064516,180224,0.20209602358359968,0.024809949506994333,0.242325378445726
0.4,4,23,1.0010501123702897,1.0713295827418952,-0.6355368806961343,1.0679476156746268,32.79370304392053,31.912787574277083,129,127,0.15625,188416,0.23778427803900679,0.0010501123702897353,0.2857802781720699
0.4,4,24,1.039030550226193,1.1436070811222863,-0.9625762170200114,-1.2212006126350878,32.822271006583996,31.56333891118381,130,126,0.15151515151515152,196608,0.19887320775357273,0.03903055022619295,0.23759527925180915
0.4,4,25,1.019362480087652,1.1793298382756374,0.5135726474575804,-0.621861756525537,34.193998204917605,33.253239191049765,129,127,0.14705882352941177,204800,0.17819976539350316,0.019362480087651956,0.2137801078162417
0.4,4,26,0.9665604322468453,1.1500318775491143,1.419319045960882,0.5250194562192932,34.06365710306117,33.33873546992512,129,127,0.14285714285714285,212992,0.19501155107666826,0.03343956775315471,0.2333120816339238
0.4,4,27,1.0307836417074874,1.1849808834021454,-1.775643295167832,-0.6441800758830695,32.72256929666433,31.92619302913164,129,127,0.1388888888888889,221184,0.17557350108353062,0.030783641707487375,0.21001274439856976
0.4,4,28,1.0676826640747323,1.2487747768223314,-1.0485226195876347,-1.2085115169520062,34.35159820363299,33.63966304721201,129,127,0.13513513513513511,229376,0.14432341435595528,0.06768266407473233,0.16748348211844574
0.4,4,29,1.0682793966452764,1.2823828807528026,-0.0174150433387598,-0.6538792700712481,35.66600875778007,35.240651186997795,128,128,0.13157894736842105,237568,0.12651456175925352,0.06827939664527638,0.1450780794981316
0.4,4,30,1.0588995977232032,1.2011625394795908,0.2809437373139367,1.6218077745434927,35.960798376183895,35.71464862650616,128,128,0.12820512820512822,245760,0.16895424088946714,0.05889959772320319,0.19922497368027278
0.4,4,31,1.049412632225441,1.2908006869707358,0.47594669063886696,-2.9980067327444697,35.084070338522196,34.41779480755233,129,127,0.125,253952,0.1192359790762229,0.0494126322254409,0.13946620868617612
0.4,4,32,1.014607627134076,1.2916253080782087,1.095940000316897,-0.01731044628807123,35.62674794680961,35.45179399796988,128,128,0.12195121951219513,262144,0.11586915034308128,0.01460762713407604,0.13891646128119417
0.4,4,33,1.0124947742134598,1.3721637336699912,0.06815218380740073,-1.7318983039256912,34.893918109389176,34.77380123960604,128,128,0.11904761904761904,270336,0.0712487092932319,0.012494774213459792,0.08522417755333918
0.4,4,34,0.9997829200571521,1.3682176166357183,0.4197962716579077,0.0868777126265533,35.54275100036952,35.863119772241205,127,129,0.11627906976744186,278528,0.07309981308799024,0.00021707994284791976,0.08785492224285447
0.4,4,35,1.0107006416502229,1.2787424616751584,-0.4162300324971901,2.2741159156969153,35.24080941809543,35.558903409079036,127,129,0.11363636363636363,286720,0.12287504847457563,0.010700641650222886,0.14750502554989442
0.4,4,36,0.9803023003668077,1.2824002324645176,1.05056667475483,-0.0842750389868374,34.70258951448212,34.5190559690086,128,128,0.1111111111111111,294912,0.12119616419715276,0.019697699633192345,0.1450665116903216
0.4,4,37,0.9967964370980097,1.3141014036033876,-0.5827048624399055,-0.7466259826626656,34.09655880791218,33.97977805540309,128,128,0.10869565217391305,303104,0.10313329829735679,0.003203562901990309,0.12393239759774162
0.4,4,38,1.0105203174957045,1.3252921239292006,-0.49537718683519477,-0.269293493920365,34.7105670223833,34.738860715727085,127,129,0.10638297872340426,311296,0.09708603486896832,0.010520317495704479,0.11647191738053293
0.4,4,39,0.9496141017714765,1.320439667131637,2.245246736457939,0.11925397825692303,35.09493360371179,35.162887303184164,127,129,0.10416666666666667,319488,0.10344920995362145,0.05038589822852346,0.1197068885789087
0.4,4,40,0.9482886473562004,1.2726152000212223,0.049879500555670524,1.1998202308660852,33.78504837637417,33.923684335720544,127,129,0.1020408163265306,327680,0.1293509373801367,0.05171135264379956,0.15158986665251847
0.4,4,41,0.901638916112938,1.223804730405402,1.7913496797412778,1.2495480221650008,33.35167403736488,33.23473181031067,128,128,0.1,335872,0.1626309931384263,0.098361083887062,0.18413017972973197
0.4,4,42,0.9275649042291185,1.1900175980731125,-1.0154691025345581,0.8822495994607457,31.99508803062731,31.69907332799311,128,128,0.09803921568627452,344064,0.17657940693915694,0.07243509577088147,0.20665493461792503
0.4,4,43,0.951035581042518,1.1911903602030531,-0.9373249492199202,-0.031223618947539555,32.24397825316525,31.723196850700187,129,127,0.09615384615384615,352256,0.17343667250867448,0.04896441895748205,0.20587309319796457
0.4,4,44,0.9619453110379347,1.244297528360556,-0.44406964973344404,-1.4411161151219958,32.734277037493875,32.1796477574494,129,127,0.09433962264150944,360448,0.14340036836614015,0.03805468896206532,0.17046831442629604
0.4,4,45,0.9871101303452512,1.1712150676855009,-1.0436353863130319,2.0205838727439236,33.39633236201702,33.10524617103644,128,128,0.09259259259259259,368640,0.1825171692296929,0.012889869654748809,0.21918995487633275
